ID,Quote Date,Order Date,WO#,Quote#,Option No,Price,Qty,Sections,Description,Comments,Weight,Cost,Material Cost,Machine Shop,Steel Kit,Axles,Stakes/Bunks,Beam,GNK,Parts,Line,Step 1,Step 2,Blast,Paint,Finish,Finish - GNK,Final Assembly,Tire Assembly,Shipping,Start Date,End Date,SortSe,Width,Spread,Draw/Part#,OptionInfo,OptionPromptFlag,OptionPrompt,OptionConfigInfo,ordopt_timestamp,Are WO Specs Different?,Comments V2
449190,00:00.0,NULL,NULL,25969,25ART-07,890.2816,1,SUSPENSION/AXLES,Alum. Wheel Pkg. 17.5  (6 steel;; 6 polished),NULL,-144,945.9165,945.9165,0,0,0,0,0,0,0,0,0,0,0,0,0,0,0,0,0,00:00.0,00:00.0,13,NULL,NULL,99000047,NULL,0,NULL,NULL,0x00000002BEB0849D,0,NULL
450044,00:00.0,NULL,10014943,25976,30ANR-07,890.2816,1,SUSPENSION/AXLES,Alum. Wheel Pkg. 17.5  (6 steel;; 6 polished),NULL,-144,945.9165,945.9165,0,0,0,0,0,0,0,0,0,0,0,0,0,0,0,0,0,00:00.0,00:00.0,13,NULL,NULL,99000047,NULL,0,NULL,NULL,0x00000002BE60E465,0,NULL
451999,00:00.0,NULL,NULL,26070,46LD3X4T V2018-42,2834.3016,1,SUSPENSION/AXLES,Alum. Wheel Pkg. 24.5  (6 machined;; 6 polished),NULL,-336,2316.7451,2316.7451,0,0,0,0,0,0,0,0,0,0,0,0,0,0,0,0,0,00:00.0,00:00.0,13,NULL,NULL,99000025,NULL,0,NULL,NULL,0x00000002BEDD66AF,0,NULL
452124,00:00.0,NULL,NULL,26074,48LD4X5T V2018-46,2834.3016,1,SUSPENSION/AXLES,Alum. Wheel Pkg. 24.5  (6 machined;; 6 polished),NULL,-336,2316.7451,2316.7451,0,0,0,0,0,0,0,0,0,0,0,0,0,0,0,0,0,00:00.0,00:00.0,13,NULL,NULL,99000025,NULL,0,NULL,NULL,0x00000002BEE61443,0,NULL
452090,00:00.0,NULL,NULL,26073,48LF3X5T V2018-17,2834.3016,1,SUSPENSION/AXLES,Alum. Wheel Pkg. 24.5  (6 machined;; 6 polished),NULL,-336,2316.7451,2316.7451,0,0,0,0,0,0,0,0,0,0,0,0,0,0,0,0,0,00:00.0,00:00.0,13,NULL,NULL,99000025,NULL,0,NULL,NULL,0x00000002BEE70946,0,NULL
452631,00:00.0,NULL,NULL,26078,48LD3X5T V2018-46,2834.3016,1,SUSPENSION/AXLES,Alum. Wheel Pkg. 24.5  (6 machined;; 6 polished),NULL,-336,2316.7451,2316.7451,0,0,0,0,0,0,0,0,0,0,0,0,0,0,0,0,0,00:00.0,00:00.0,13,NULL,NULL,99000025,NULL,0,NULL,NULL,0x00000002BEE50B2A,0,NULL
454387,00:00.0,NULL,NULL,26100,53ET4X MR-71,1543.1416,1,SUSPENSION/AXLES,Alum. Wheel Pkg. 17.5  (8 steel;; 8 polished),NULL,0,1261.222,1261.222,0,0,0,0,0,0,0,0,0,0,0,0,0,0,0,0,0,00:00.0,00:00.0,13,NULL,NULL,99001619,NULL,0,NULL,NULL,0x00000002B2809D03,0,NULL
454391,00:00.0,NULL,NULL,26101,53ET4X MR-71,1543.1416,1,SUSPENSION/AXLES,Alum. Wheel Pkg. 17.5  (8 steel;; 8 polished),NULL,0,1261.222,1261.222,0,0,0,0,0,0,0,0,0,0,0,0,0,0,0,0,0,00:00.0,00:00.0,13,NULL,NULL,99001619,NULL,0,NULL,NULL,0x00000002B280A290,0,NULL
454398,00:00.0,NULL,NULL,26102,53HF4X-14,1204.6216,1,SUSPENSION/AXLES,Alum. Wheel Pkg. 22.5  (6 steel;; 6 polished),NULL,-168,984.5526,984.5526,0,0,0,0,0,0,0,0,0,0,0,0,0,0,0,0,0,00:00.0,00:00.0,13,NULL,NULL,99000111,NULL,0,NULL,NULL,0x00000002B102CE9E,0,NULL
456663,00:00.0,NULL,NULL,26128,30ANR-07,925.8929,1,SUSPENSION/AXLES,Alum. Wheel Pkg. 17.5  (6 steel;; 6 polished),NULL,-144,945.9165,945.9165,0,0,0,0,0,0,0,0,0,0,0,0,0,0,0,0,0,00:00.0,00:00.0,13,NULL,NULL,99000047,NULL,0,NULL,NULL,0x00000002C3B58CAC,0,NULL
456135,00:00.0,NULL,NULL,26118,48HF4X-13,2243.2384,1,SUSPENSION/AXLES,Alum. Wheel Pkg. 22.5  (6 machined;; 6 polished),NULL,-336,1833.4223,1833.4223,0,0,0,0,0,0,0,0,0,0,0,0,0,0,0,0,0,00:00.0,00:00.0,13,NULL,NULL,99000110,NULL,0,NULL,NULL,0x00000002BE41483F,0,NULL
448346,00:00.0,NULL,NULL,25925,53ET3XP-08,890.2816,1,SUSPENSION/AXLES,Alum. Wheel Pkg. 17.5  (6 steel;; 6 polished),NULL,-144,945.9165,945.9165,0,0,0,0,0,0,0,0,0,0,0,0,0,0,0,0,0,00:00.0,00:00.0,13,NULL,NULL,99000047,NULL,0,NULL,NULL,0x000000029CDF26EC,0,NULL
454299,00:00.0,NULL,NULL,26087,32DT3X V2018-21,1204.6216,1,SUSPENSION/AXLES,Alum. Wheel Pkg. 22.5  (6 steel;; 6 polished),NULL,-168,984.5526,984.5526,0,0,0,0,0,0,0,0,0,0,0,0,0,0,0,0,0,00:00.0,00:00.0,13,NULL,NULL,99000111,NULL,0,NULL,NULL,0x00000002BEDB7EC3,0,NULL
449769,00:00.0,NULL,10014942,25972,30ANR-07,890.2816,1,SUSPENSION/AXLES,Alum. Wheel Pkg. 17.5  (6 steel;; 6 polished),NULL,-144,945.9165,945.9165,0,0,0,0,0,0,0,0,0,0,0,0,0,0,0,0,0,00:00.0,00:00.0,13,NULL,NULL,99000047,NULL,0,NULL,NULL,0x00000002C17A75DF,0,NULL
456140,00:00.0,NULL,NULL,26119,48HF4X-13,2243.2384,1,SUSPENSION/AXLES,Alum. Wheel Pkg. 22.5  (6 machined;; 6 polished),NULL,-336,1833.4223,1833.4223,0,0,0,0,0,0,0,0,0,0,0,0,0,0,0,0,0,00:00.0,00:00.0,13,NULL,NULL,99000110,NULL,0,NULL,NULL,0x00000002BE414D2D,0,NULL
456036,00:00.0,NULL,NULL,26116,27LBT2X W-28,1889.7424,1,SUSPENSION/AXLES,Alum. Wheel Pkg. 24.5  (4 Machined;; 4 Polished),NULL,-224,1544.4967,1544.4967,0,0,0,0,0,0,0,0,0,0,0,0,0,0,0,0,0,00:00.0,00:00.0,13,NULL,NULL,99000243,NULL,0,NULL,NULL,0x00000002BD0AB04F,0,NULL
456674,00:00.0,NULL,NULL,26129,30NTT-05,925.8929,1,SUSPENSION/AXLES,Alum. Wheel Pkg. 17.5  (6 steel;; 6 polished),NULL,-144,945.9165,945.9165,0,0,0,0,0,0,0,0,0,0,0,0,0,0,0,0,0,00:00.0,00:00.0,13,NULL,NULL,99000047,NULL,0,NULL,NULL,0x00000002C3B95FF5,0,NULL
456011,00:00.0,NULL,NULL,26115,37LBT3X W-28,2834.3016,1,SUSPENSION/AXLES,Alum. Wheel Pkg. 24.5  (6 machined;; 6 polished),NULL,-336,2316.7451,2316.7451,0,0,0,0,0,0,0,0,0,0,0,0,0,0,0,0,0,00:00.0,00:00.0,13,NULL,NULL,99000025,NULL,0,NULL,NULL,0x00000002BD0D88F5,0,NULL
456130,00:00.0,NULL,NULL,26117,48HF4X-13,2243.2384,1,SUSPENSION/AXLES,Alum. Wheel Pkg. 22.5  (6 machined;; 6 polished),NULL,-336,1833.4223,1833.4223,0,0,0,0,0,0,0,0,0,0,0,0,0,0,0,0,0,00:00.0,00:00.0,13,NULL,NULL,99000110,NULL,0,NULL,NULL,0x00000002BE40500F,0,NULL
456145,00:00.0,NULL,NULL,26120,48HF4X-13,2243.2384,1,SUSPENSION/AXLES,Alum. Wheel Pkg. 22.5  (6 machined;; 6 polished),NULL,-336,1833.4223,1833.4223,0,0,0,0,0,0,0,0,0,0,0,0,0,0,0,0,0,00:00.0,00:00.0,13,NULL,NULL,99000110,NULL,0,NULL,NULL,0x00000002BEDE5F61,0,NULL
456150,00:00.0,NULL,NULL,26121,48HF4X-13,2243.2384,1,SUSPENSION/AXLES,Alum. Wheel Pkg. 22.5  (6 machined;; 6 polished),NULL,-336,1833.4223,1833.4223,0,0,0,0,0,0,0,0,0,0,0,0,0,0,0,0,0,00:00.0,00:00.0,13,NULL,NULL,99000110,NULL,0,NULL,NULL,0x00000002BE6F93C7,0,NULL
456629,00:00.0,NULL,NULL,26127,25FDNT-05,1203.6586,1,SUSPENSION/AXLES,Alum. Wheel Pkg. 17.5  (6 steel;; 6 polished),NULL,-144,945.9165,945.9165,0,0,0,0,0,0,0,0,0,0,0,0,0,0,0,0,0,00:00.0,00:00.0,13,NULL,NULL,99000047,NULL,0,NULL,NULL,0x00000002C442FD3A,0,NULL
455454,00:00.0,NULL,NULL,26111,53ET3XP-08,890.2816,1,SUSPENSION/AXLES,Alum. Wheel Pkg. 17.5  (6 steel;; 6 polished),NULL,-144,945.9165,945.9165,0,0,0,0,0,0,0,0,0,0,0,0,0,0,0,0,0,00:00.0,00:00.0,13,NULL,NULL,99000047,NULL,0,NULL,NULL,0x00000002BEE9F44C,0,NULL
455943,00:00.0,NULL,NULL,26114,51LF4X3T AB V2015-05,3779.4744,1,SUSPENSION/AXLES,Alum. Wheel Pkg. 24.5  (8 machined;; 8 polished),NULL,-336,3088.9934,3088.9934,0,0,0,0,0,0,0,0,0,0,0,0,0,0,0,0,0,00:00.0,00:00.0,13,NULL,NULL,99000234,NULL,0,NULL,NULL,0x00000002BC3A1DB7,0,NULL
456376,00:00.0,NULL,NULL,26125,30ANR-07,925.8929,1,SUSPENSION/AXLES,Alum. Wheel Pkg. 17.5  (6 steel;; 6 polished),NULL,-144,945.9165,945.9165,0,0,0,0,0,0,0,0,0,0,0,0,0,0,0,0,0,00:00.0,00:00.0,13,NULL,NULL,99000047,NULL,0,NULL,NULL,0x00000002C3B589EA,0,NULL
455573,00:00.0,NULL,NULL,26112,48HF4X-13,2243.2384,1,SUSPENSION/AXLES,Alum. Wheel Pkg. 22.5  (6 machined;; 6 polished),NULL,-336,1833.4223,1833.4223,0,0,0,0,0,0,0,0,0,0,0,0,0,0,0,0,0,00:00.0,00:00.0,13,NULL,NULL,99000110,NULL,0,NULL,NULL,0x00000002BEDE648F,0,NULL
456696,00:00.0,NULL,NULL,26130,53HF4X-14,1252.8065,1,SUSPENSION/AXLES,Alum. Wheel Pkg. 22.5  (6 steel;; 6 polished),NULL,-168,984.5526,984.5526,0,0,0,0,0,0,0,0,0,0,0,0,0,0,0,0,0,00:00.0,00:00.0,13,NULL,NULL,99000111,NULL,0,NULL,NULL,0x00000002C4BEFB3E,0,NULL
454305,00:00.0,NULL,NULL,26088,32DT3X V2018-21,1204.6216,1,SUSPENSION/AXLES,Alum. Wheel Pkg. 22.5  (6 steel;; 6 polished),NULL,-168,984.5526,984.5526,0,0,0,0,0,0,0,0,0,0,0,0,0,0,0,0,0,00:00.0,00:00.0,13,NULL,NULL,99000111,NULL,0,NULL,NULL,0x00000002BEDC7259,0,NULL
450879,00:00.0,NULL,NULL,26048,32DT3X V2018-21,1204.6216,1,SUSPENSION/AXLES,Alum. Wheel Pkg. 22.5  (6 steel;; 6 polished),NULL,-168,984.5526,984.5526,0,0,0,0,0,0,0,0,0,0,0,0,0,0,0,0,0,00:00.0,00:00.0,13,NULL,NULL,99000111,NULL,0,NULL,NULL,0x00000002B194D2BA,0,NULL
450987,00:00.0,NULL,NULL,26051,27DT2X V2018-09,803.088,1,SUSPENSION/AXLES,Alum. Wheel Pkg. 22.5  (4 steel;; 4 polished),NULL,-112,656.3684,656.3684,0,0,0,0,0,0,0,0,0,0,0,0,0,0,0,0,0,00:00.0,00:00.0,13,NULL,NULL,99000082,NULL,0,NULL,NULL,0x00000002BED5B553,0,NULL
455927,00:00.0,NULL,NULL,26113,51LF3X3T AB V2016-05,2834.3016,1,SUSPENSION/AXLES,Alum. Wheel Pkg. 24.5  (6 machined;; 6 polished),NULL,-336,2316.7451,2316.7451,0,0,0,0,0,0,0,0,0,0,0,0,0,0,0,0,0,00:00.0,00:00.0,13,NULL,NULL,99000025,NULL,0,NULL,NULL,0x00000002C2685954,0,NULL
451249,00:00.0,NULL,NULL,26056,53HF4X-14,1204.6216,1,SUSPENSION/AXLES,Alum. Wheel Pkg. 22.5  (6 steel;; 6 polished),NULL,-168,984.5526,984.5526,0,0,0,0,0,0,0,0,0,0,0,0,0,0,0,0,0,00:00.0,00:00.0,13,NULL,NULL,99000111,NULL,0,NULL,NULL,0x00000002BEEEBEEF,0,NULL
451173,00:00.0,NULL,NULL,26055,53ET4X MR-71,1543.1416,1,SUSPENSION/AXLES,Alum. Wheel Pkg. 17.5  (8 steel;; 8 polished),NULL,0,1261.222,1261.222,0,0,0,0,0,0,0,0,0,0,0,0,0,0,0,0,0,00:00.0,00:00.0,13,NULL,NULL,99001619,NULL,0,NULL,NULL,0x00000002BEEAEC8B,0,NULL
452635,00:00.0,NULL,NULL,26079,48LF3X5T V2018-17,2834.3016,1,SUSPENSION/AXLES,Alum. Wheel Pkg. 24.5  (6 machined;; 6 polished),NULL,-336,2316.7451,2316.7451,0,0,0,0,0,0,0,0,0,0,0,0,0,0,0,0,0,00:00.0,00:00.0,13,NULL,NULL,99000025,NULL,0,NULL,NULL,0x00000002B1503D65,0,NULL
452612,00:00.0,NULL,NULL,26076,46LD3X4T V2018-42,2834.3016,1,SUSPENSION/AXLES,Alum. Wheel Pkg. 24.5  (6 machined;; 6 polished),NULL,-336,2316.7451,2316.7451,0,0,0,0,0,0,0,0,0,0,0,0,0,0,0,0,0,00:00.0,00:00.0,13,NULL,NULL,99000025,NULL,0,NULL,NULL,0x00000002B11F510C,0,NULL
452641,00:00.0,NULL,NULL,26080,48LD4X5T V2018-46,2834.3016,1,SUSPENSION/AXLES,Alum. Wheel Pkg. 24.5  (6 machined;; 6 polished),NULL,-336,2316.7451,2316.7451,0,0,0,0,0,0,0,0,0,0,0,0,0,0,0,0,0,00:00.0,00:00.0,13,NULL,NULL,99000025,NULL,0,NULL,NULL,0x00000002B15522B8,0,NULL
452014,00:00.0,NULL,NULL,26071,46LF3X4T V2018-11,2834.3016,1,SUSPENSION/AXLES,Alum. Wheel Pkg. 24.5  (6 machined;; 6 polished),NULL,-336,2316.7451,2316.7451,0,0,0,0,0,0,0,0,0,0,0,0,0,0,0,0,0,00:00.0,00:00.0,13,NULL,NULL,99000025,NULL,0,NULL,NULL,0x00000002C2B56899,0,NULL
455009,00:00.0,NULL,NULL,26108,25FDNT-05,1157.364,1,SUSPENSION/AXLES,Alum. Wheel Pkg. 17.5  (6 steel;; 6 polished),NULL,-144,945.9165,945.9165,0,0,0,0,0,0,0,0,0,0,0,0,0,0,0,0,0,00:00.0,00:00.0,13,NULL,NULL,99000047,NULL,0,NULL,NULL,0x00000002C4546602,0,NULL
456555,00:00.0,NULL,NULL,26126,30NTT-05,925.8929,1,SUSPENSION/AXLES,Alum. Wheel Pkg. 17.5  (6 steel;; 6 polished),NULL,-144,945.9165,945.9165,0,0,0,0,0,0,0,0,0,0,0,0,0,0,0,0,0,00:00.0,00:00.0,13,NULL,NULL,99000047,NULL,0,NULL,NULL,0x00000002C3B77721,0,NULL
454310,00:00.0,NULL,NULL,26089,27DT2X V2018-09,803.088,1,SUSPENSION/AXLES,Alum. Wheel Pkg. 22.5  (4 steel;; 4 polished),NULL,-112,656.3684,656.3684,0,0,0,0,0,0,0,0,0,0,0,0,0,0,0,0,0,00:00.0,00:00.0,13,NULL,NULL,99000082,NULL,0,NULL,NULL,0x00000002B191EDF2,0,NULL
454316,00:00.0,NULL,NULL,26090,27DT2X V2018-09,803.088,1,SUSPENSION/AXLES,Alum. Wheel Pkg. 22.5  (4 steel;; 4 polished),NULL,-112,656.3684,656.3684,0,0,0,0,0,0,0,0,0,0,0,0,0,0,0,0,0,00:00.0,00:00.0,13,NULL,NULL,99000082,NULL,0,NULL,NULL,0x00000002B192E7FB,0,NULL
452060,00:00.0,NULL,NULL,26072,48LD3X5T V2018-46,2834.3016,1,SUSPENSION/AXLES,Alum. Wheel Pkg. 24.5  (6 machined;; 6 polished),NULL,-336,2316.7451,2316.7451,0,0,0,0,0,0,0,0,0,0,0,0,0,0,0,0,0,00:00.0,00:00.0,13,NULL,NULL,99000025,NULL,0,NULL,NULL,0x00000002B15134DF,0,NULL
