QuoteNo, QuoteModel, QuoteWeek
25541, 53ET4XP, 2
25542, 30ANR, 3
25543, 53ET3X MR WEST, 3
25544, 30NTT, 3
25545, 51LF4X5T V2018, 3
25547, 48ET3X, 3
25548, 30NTT, 3
25549, 25NTT, 3
25552, 30NTT, 3
25555, 48ET3X, 3
25556, 53ET3X, 3
25557, 53ET3XP, 3
25558, 53ET3XP, 3
25559, 53HD3X 2018, 3
25560, 53HF3X 2018, 3
25568, 30ART, 3
25570, 35ADG2X48 AGULP, 3
25571, 35ADG2X48 AGULP, 3
25573, 35HDG2X48 AGULP, 3
25579, 55HDG3X, 3
25590, 20NTT, 3
25593, 55HDG3X, 4
25594, 55HDG3X, 4
25597, 25ART, 4
25598, 25NTT, 4
25601, 55HDG3X H, 4
25607, 40ADG2X NR, 4
25526, 30NTT, 4
25622, 55HDG3X E, 4
25625, 40HDG3X53 AG, 4
25626, 55HDG3X, 4
25627, 37DT3X, 4
