COMPANY NAME;;ADDRESS;;CITY;;PROVINCE;;POSTAL CODE;;LAT;;LON
A and H? Excavating Ltd;;4 Whitelakes Rd;;Corner Brook;;NL;;A2H 6T2;;48.9064306;;-57.9020571
Acott Construction Ltd.;;238 Speerville Road;;Speerville;;NB;;E7N 2R8;;46.0258392;;-67.6295509
Ag Progress Days;;2710 West Pine Grove Road;;Pennsylvania Furnace;;PA;;16865;;40.7067191;;-77.9616956
Alex Plummer;;# 1406 Forest Lea Road;;Pembroke;;Ontario;;K8A 6W6;;45.816671;;-77.247338
Applied Pressure;;55 Water Tower Rd.;;Saint John;;NB;;E2M 7K2;;45.2125821;;-66.1724788
Archibald Drilling & Blasting;;86 Parkway Drive;;Truro;;NS;;B6L 1N8;;45.346922500639145;;-63.310410528593685
Arizona Public Service Company;;5801 South Wintersburg Road;;Tonopah;;AZ;;85354;;33.3875442;;-112.8684684
Asphalt Solutions Plus LLC;;18300 Centennial Rd. PO Box 151;;Marshall;;MI;;49068;;42.2764802;;-84.9372517
Atkins Energy Federal EPC, Inc.;;2345 Stevens Drive, Suite 240;;Richland;;WA;;99354;;46.3166524;;-119.2857967
Atlantic Paving;;213 Bypass 28;;Derry;;NH;;3038;;42.9393139;;-71.3443627
Atlantic Powertrain & Equipment;;30 Glencoe Drive;;Mount Pearl;;NL;;A1N 4S8;;47.525526;;-52.838854
B & D Equipment Inc. dba E & R Trailers Sales;;20186 Lincoln Hwy;;Middle Point;;OH;;45863;;40.8680212;;-84.4331543
Baer's Furniture;;4260 W New Haven Ave;;West Melbourne;;FL;;32904;;28.0794829;;-80.6955865
Barry Equipment Co. Inc.;;30 Birch Island Road;;Webster;;MA;;1570;;42.046068;;-71.8602755
Birmingham Sealcoat Inc.;;2651 Metamora Rd.;;Oxford;;MI;;48371;;42.8646036;;-83.2906101
Breadner Trailer Sales 2.0;;6431 Bank St. North;;Ottawa;;ON;;N0B 1M0;;45.421774;;-75.7016042
Breadner Trailers;;5185 Fountain St. N., P.O. Box 188;;Breslau;;ON;;N0B 1M0;;43.4648142;;-80.4043862
Bridge Landscape Design Inc.;;5105 Griffith Rd;;Laytonsville;;MD;;20882;;39.2334005;;-77.1017618
Bryan Borland;;39  13 Mile Crossing;;Bishop Falls;;NL;;A0H 1C0;;49.0356306;;-55.4483489
Bunzl Distribution;;180 Shrewsbury;;West Boylston;;MA;;1583;;42.3356647;;-71.772776
BWS - CDN Direct Sales;;29 Hawkins Road;;Centreville;;NB;;E7K 1A4;;46.426072;;-67.7067889
BWS - US Direct Sales;;29 Hawkins Road;;Centreville;;NB;;E7K 1A4;;46.426072;;-67.7067889
BWS Manufacturing Ltd.;;29 Hawkins Road;;Centreville;;NB;;E7K 1A4;;46.426072;;-67.7067889
c/o GES AG Connect Expo;;BWS Mfg. Booth# 1837, 1447 Liberty St.;;Kansas City;;MO;;64102;;39.0973284;;-94.6023003
Cara Dawn Transport Limited;;Fleet Street North;;Regina;;SK;;S4N 0A1;;50.4546569;;-104.5492039
CFB Esquimalt;;Building 66 Colwood;;Victoria;;BC;;V9C1B0;;48.43980562810865;;-123.47268001891352
CFB Kingston;;5 Somme Avenue, Building C36;;Kingston;;Ontario;;K7K 7B4;;44.2425717;;-76.4505407
Christopher W. McCue;;756 Nutswamp Road;;Red Bank;;NJ;;7701;;40.3598333;;-74.0957915
CJ Logging Equipment;;PO Box 661;;Boonville;;New York;;13309;;43.483101;;-75.335878
Clark's Truck Center - Transit Redi Mix;;9775 County Rd.;;Clarence Center;;NY;;14032-9651;;43.03006;;-78.6261163
Clark's Truck Center;;6 Orr Road;;Jericho;;VT;;5465;;44.5109753;;-72.9555042
Clark's Truck Center;;I-87 Exit 36 4365 Route 22;;Plattsburgh;;NY;;12901;;44.6620528;;-73.4854391
Con Expo - Marshalling Yard #2;;6640 W. Richmar Ave;;Las Vegas;;NV;;89139;;36.0170282;;-115.2381662
Cooter's Transportation Systems;;#2 Airport Road;;Sundre;;Alberta;;T0M1X0;;51.7970799;;-114.6393612
Cooter's Transportation Systems;;#2 Airport Road;;Sundre;;AB;;T0M 1X0;;51.7970799;;-114.6393612
Corbec Galvanisation;;50 Rue Lisbonne;;St-Augustin-de-desmaures;;QC;;G3A 0M6;;46.7550565;;-71.4605334
Correct Truck & Trailer Inc.;;2904 WEST 76TH STREET;;DAVENPORT;;IOWA;;52806;;41.5971957;;-90.6178897
D.C. Inc. c/o Bond Excavating;;3448 Mineral Spring Rd;;Green Fork;;IN;;47345;;39.87562;;-85.04402
Daigle & Houghton;;571 Coldbrook Rd. Exit 180;;Hermon;;ME;;4401;;44.7775181;;-68.8637054
Daigle & Houghton;;130 Market Street, PO Box 191;;Fort Kent;;ME;;4743;;47.2521589;;-68.580059
Deleavey Sand & Gravel Ltd.;;800, Route 395;;Anfield;;NB;;E7G 3S9;;46.9192124;;-67.495786
Demountable Concepts, Inc.;;200 Dr. Leo J McCabe Blvd.;;Glassboro;;NJ;;8028;;39.700817573356936;;-75.14296420213563
Department of Transportation;;1050 College Hill Rd;;Fredericton;;NB;;E3B 5H1;;45.93963286187066;;-66.64871404861506
DH Agro Ltd.;;Box 6, 320 Highway 16 E;;Foam Lake;;SK;;S0A 1A0;;51.65157127725971;;-103.57017861259244
Diamond International Trucks Ltd.;;17020 - 118 AVE.;;Edmonton;;AB;;T5S 1S4;;53.571213142859634;;-113.61669881473374
Don House;;PO Box 283;;Port Saunders;;NL;;A0K 4H0;;50.65065309106322;;-57.28850573685546
Dossier Ville de Matane;;60 Avenue Saint-Jerome;;Matane;;QC;;G4W 3A2;;48.83964026682881;;-67.5322087013791
Double G Trucking & Repair Ltd.;;82 Sunnyslope Drive;;Corner Brook;;NL;;A2H 7P7;;48.943106540703354;;-57.97607734370381
East Coast Grading Inc.;;2291 Loganville Hwy.;;Grayson;;GA;;30017;;33.889463628803185;;-83.95055898454727
Energy Solutions;;740 Osborn Road;;Barnwell;;SC;;29812;;33.24542862176132;;-81.469195183223
Energy Solutions LLC;;740 Osborn Rd;;Barnwell;;SC;;29812;;33.24542862176132;;-81.469195183223
Energy Solutions-Barnwell;;740 Osborn Road;;Barnwell;;SC;;29812;;33.24542862176132;;-81.469195183223
Excel Trailer;;405 Lee Hwy;;Roanoke;;Virginia;;24019;;37.360346865068514;;-79.92509276356832
Fleet Maintenance, Inc.;;67 RansierDr.;;West Seneca;;NY;;14224;;42.84590930500439;;-78.74598571317719
Fort Garry;;1440 Highland Ave.;;Brandon;;MB;;R7C 1A7;;49.88625370893624;;-99.95690910134957
Fort Garry - Edmonton;;16230 118th Ave. NW;;Edmonton;;AB;;T5V 1C6;;53.571074874943136;;-113.60131911710663
Fort Garry Industries;;3445 Miners Ave.;;Saskatoon;;SK;;S7K 7K9;;52.186841645651036;;-106.65957015710235
Fort Garry Industries;;20246 102 Ave.;;Langley;;BC;;V1M 4B4;;49.18725202258814;;-122.66038974369695
Fort Garry Industries;;1523 Ross Ave. E.;;Regina;;SK;;S4N 7E5;;50.4646203035346;;-104.5611451786612
Fort Garry Industries;;5350 72 Ave SE;;Calgary;;AB;;T2C 4X5;;50.99032579994693;;-113.95484105899031
Fort Garry Industries;;5701 63 Ave;;Lloydminster;;AB;;T9V 3B8;;53.29358029981771;;-110.03599574728428
Fort Garry Industries;;1539 36th St. N;;Lethbridge;;AB;;T1H 6X2;;49.72059326136008;;-112.78778591669885
Fort Garry Industries;;170 Queens Dr.;;Red Deer;;AB;;T4P 0R5;;52.31340482188421;;-113.87189034360706
Fort Garry Industries Ltd.;;2525 Inkster Boulevard;;Winnipeg;;MB;;R2R 2Y4;;49.9467712835161;;-97.22133380134785
GDM Trailer Sales & Service;;3731 B ENTERPRISE DRIVE S.W.;;ROCHESTER;;MN;;55902;;44.01729108882624;;-92.43524718208647
GIBBON TRUCK & TRAILER SALES;;442 13th St. E;;Gibbon;;MN;;55335;;44.53565027271972;;-94.52047681498689
Global Enterprise, Inc.;;3521 Goddard Way;;Alexandria;;VA;;22304;;38.80976348324542;;-77.09148565930906
Green Mountain Power;;2152 Post Road;;Rutland;;VT;;5701;;43.63688503233818;;-72.97151628617397
Hale Trailer;;5361 Oakview Drive;;Allentown;;PA;;18106;;40.592512925575946;;-75.58169547090515
Hale Trailer;;20 Pine Tree Industrial Park;;Portland;;ME;;4102;;43.66785098443814;;-70.32447592664774
Hale Trailer Brake & Wheel;;76 Cooper Road, PO Box 1400;;Voorhees;;NJ;;8043;;39.82383949798047;;-74.92699484579363
HALE TRAILER BRAKE & WHEEL;;2201 Hawkins Point Road;;Baltimore;;MD;;21226;;39.205862564365894;;-76.57533091697208
Hale Trailer Brake & Wheel;;32 Industrial Road;;Walpole;;MA;;2081;;42.11800507848884;;-71.26771421504844
Hale Trailer Brake & Wheel;;1290 Mid Valley Drive;;Jessup;;PA;;18434;;41.46475663734517;;-75.5741662941608
Hale Trailer Brake & Wheel Inc.;;20 Pinetree Industrial Parkway;;Portland;;ME;;4102;;43.667990677842845;;-70.32446519781159
Hardings Inc.;;109 W. COMMERCIAL AVE.;;LOWELL;;IN;;46356;;41.29077696274967;;-87.42344278993896
Heartland Event Center/Fonner Park;;700 E. Stolley Park Rd.;;Grand Island;;NE;;68801;;40.90555302805163;;-98.33002754391453
Hilltop Construction;;795 Therbrook Road;;Randolph;;Vermont;;5060;;43.335921276733735;;-73.54201208119781
Hooper Welding;;1390 Advance Road;;Oakville;;ON;;L6L 6L6;;43.425072504893976;;-79.71589147268783
Hostetler Custom Harvest c/o Moore's Towing;;728 Middleton Run Road;;Elkhart;;IN;;46516;;41.683234346307;;-85.91532154389544
I State Truck Center;;4600 South Frontage Road;;Billings;;MT;;59106;;45.75123821411768;;-108.53127361680795
I-29 Trailer Sales Inc.;;3701  38th St. W, Suite A;;Fargo;;ND;;58104;;46.8217023006098;;-96.84144499958148
Independent Ag Equipment;;374 Heidlersburg Road;;Biglerville;;PA;;17307;;39.9488684;;-77.13589
J & M Brown Trucking Inc.;;411 Walnut Street #11634;;Green Cove Springs;;FL;;32043-3443;;29.993386707508787;;-81.67983818833598
J & M Brown Trucking, Inc.;;356612 East 800 Road;;Stroud;;OK;;74079;;35.860806568779246;;-96.65012640553302
J-1 Contracting Ltd;;PO Box 9068;;Clarenville;;NL;;A5A2C2;;48.14177721321208;;-53.9466972099755
Kentucky Exposition Center - MATS;;937 Phillips Lane - D LOT;;Louisville;;KY;;40209;;38.19958690332499;;-85.74158123122197
KILLOWEEN FARMS LTD.;;153 KILLOWEEN RD.;;KILLOWEEN;;NB;;E7J 1P3;;46.606814847491414;;-67.58111930144938
Le Centre Routier (1994) Inc.;;375 Temiscouata;;Riviere-du-Loup;;QC;;G5R 3Z5;;47.820576246071745;;-69.5029850590887
Lindsay Sporting Camps;;4751, Route 104;;Maplewood;;NB;;E6E 2A8;;46.131703920012335;;-67.19889003600662
Lucky's Trailers;;402 VT Route 107;;Royalton;;VT;;5068;;43.82841603859714;;-72.57372500152204
M & K Trailer Center of Grand Rapids LLC;;2655 Burlingame Ave. SW;;Wyoming;;MI;;49509;;42.91598441062073;;-85.70687400154524
Maxim Inc.;;125 Conservation Road;;Thunder Bay;;ON;;P7B 6T8;;48.42120358214594;;-89.2772624191216
Maxim Trailer;;Box 42, Group 200, RR 2;;Winnipeg;;MB;;R3C 2E6;;49.945226363938225;;-97.23147212463634
Maxim Trailers Services;;580 Oak Point Hwy;;Winnipeg;;MB;;R3C 2E6;;49.94443211556766;;-97.23212559950521
McCorkle Sales Inc.;;9899 US Hwy. 280;;Claxton;;GA;;30417;;32.163080851360085;;-81.89293665617348
Measurement Canada;;5000 rue Rideau;;Quebec;;QC;;G2E 6B5;;46.79788454121771;;-71.3211759014443
Michaud Equipment;;109 Chemin Desjardins Road;;Grand Falls;;NB;;E3Z 3G1;;47.08577714274418;;-67.77112123027253
Midland States Bank;;7700 Bonhomme Ave., Suite 300;;Clayton;;MO;;63105;;38.64743662717615;;-90.33825434397589
Mike Forsyth;;2221, Route 560;;Lakeville;;NB;;E7K 1T5;;46.34480564947915;;-67.68983091494833
Multivans Inc.;;13289 Coleraine Dr;;Boulton;;ON;;L7E 3B6;;43.86265784758769;;-79.73798327268513
Municipal Enterprises Limited;;PO Box 48100;;Bedford;;NS;;B4A 3Z2;;44.74761903131968;;-63.629299732186944
National Pavement Expo - Marshalling Yard;;14 James Robertson Pkwy;;Nashville;;TN;;37213;;36.17280842852298;;-86.76719668635923
Newtrans Equipment Carriers Ltd.;;42 St. Annes Cres.;;Paradise;;NL;;A1L 1K1;;47.52917895329845;;-52.84002331676873
NH Body & Trailer;;11 Navigator Road;;Londonderry;;NH;;3053;;42.93054842777741;;-71.42555917631795
Noel Peat Moss Ltd.;;439-B rue Du Moulin;;Tracadie;;NB;;E1X 1A4;;47.52348380016667;;-64.91696744375254
Norfolk Naval Shipyard - ESS Inc.;;740 Osbourne Road;;Barnwell;;SC;;29812;;33.24558920053955;;-81.46914683060095
North Metro Asphalt;;1455 165th Ave NE;;Ham Lake;;Minnesota;;55304;;45.27091723832896;;-93.2327665014848
Northeast Truck & Trailer;;178 Greenview Drive;;Hanwell;;NB;;E3C 0M7;;45.92371505845634;;-66.71424212841912
Northeast Truck & Trailer;;178 Greenview Drive;;Hanwell;;NB;;E3C 2A5;;45.92371505845634;;-66.71424212841912
Northeast Truck & Trailer Sales;;83 Hub Centre Dr.;;Upper Onslow;;NS;;B6L 0c6;;45.38543478957698;;-63.31996808613754
Northeast Truck & Trailer Sales;;289 Mclean Ave.;;Hartland;;NB;;E7K 2P7;;46.301081282398414;;-67.52098237007067
Northeast Truck & Trailer Sales;;29 Silver Fox Drive;;Salisbury;;NB;;E4J 0A9;;46.053406769906125;;-65.05721871125114
Nova Truck Centres;;670 Wilkinson Ave.;;Dartmouth;;NS;;B3B 0J4;;44.71919716790626;;-63.56749302848294
Nowak Construction Co, Inc.;;200 Goddard Road;;Goddard;;KS;;67057;;37.65561228771919;;-97.57078380776812
NPE - C/O Shepard Expo. Services - Booth# 641;;1139 W. 3rd St;;Cleveland;;OH;;44113-1019;;41.50261541654132;;-81.69860970158024
Nuss Truck & Equipment;;9403 Westgate Blvd;;Duluth;;MN;;55810;;46.72582678888168;;-92.22675378424962
Nuss Truck & Equipment;;2195 W. County Road C2;;Roseville;;MN;;55113;;45.0294704139302;;-93.19196784714656
O'Connor Motor Company;;187 Riverside Drive;;Augusta;;Maine;;4330;;44.32881565301837;;-69.76172798801744
O'Connor Motor Company Cross Insurance Center;;515 Main Street;;Bangor;;Maine;;4401;;44.7891557695886;;-68.77900985916958
Pace Trailer Sales & Service Inc;;8788 Byron Commerce Drive;;Byron Center;;MI;;49315;;42.80639533427439;;-85.66953644810557
Petersen Inc.;;1527 N 2000 W.;;Ogden;;UT;;84404-9687;;41.28751335237204;;-112.02979011507729
Pierquip Inc.;;1016 Chemin Olivier;;St. Nicholas;;PQ;;G7A 2M7;;46.68488044074657;;-71.32794745911949
Pierquip Inc.;;16709 Boul Du Cure - Labelle;;Mirabel;;PQ;;J7J 2G6;;45.73595623256432;;-73.96647629168562
Premier;;1858 W. Bridge St.;;Blackfoot;;ID;;83221;;43.196130708954314;;-112.37020410153822
Premier Technology Inc.;;1858 West Bridge;;Blackfoot;;ID;;83221;;43.196130708954314;;-112.37020410153822
Premier Ventures Ltd.;;52 Spice Dr.;;Yorkton;;SK;;S3N-4A2;;51.21526616929085;;-102.4341723880519
PrInce George Truck & Equipment (2000) Ltd.;;8982 Sintich Road;;Prince George;;BC;;V2N 5S6;;53.841440328859186;;-122.728837799623
Production Components;;115 Eagle Way;;Clinton;;TN;;37716;;36.11162586670645;;-84.10950603688477
PT Welding;;1960 E Main St,;;Woodland;;CA;;95776;;38.677120738863515;;-121.73218294420812
Quality Trailers Ltd.;;50 Roy Roche Dr. GDN Stn L;;Winnipeg;;MB;;R3H 0Y6;;49.953222319409356;;-97.23399012857286
Radco Trucking;;9905 Sapp Brothers Dr.;;Omaha;;NE;;68138;;41.16104161781191;;-96.14242875735502
Radco Trucking;;921 French Ave.;;Gridley;;CA;;95948;;39.33805163958771;;-121.71415759817174
Radco Trucking;;2491 West Gridley Biggs Road;;Gridley;;CA;;95948;;39.33797695854028;;-121.71418978467692
Ray G. Ebbett;;8864 Main Street;;Bristol;;NB;;E7L 2A1;;46.45636759967467;;-67.60191077284591
Redhead Equipment Ltd.;;PO Box 32098, Highway #1 East;;Regina;;SK;;S4N 7L2;;50.44652154662664;;-104.45248297273395
Redhead Equipment Ltd.;;105 McDonald St. N.;;Regina;;SK;;S4N 5W2;;50.446456450317434;;-104.45247514589194
Redhead Equipment Ltd.;;Hwy. 16 N. PO Box 9191;;Saskatoon;;SK;;S7K 7E8;;52.208203847506454;;-106.71067054384729
Redhead Equipment Ltd.;;2604 South Service Road W.;;Swift Current;;SK;;S9H 5J9;;50.28554466465897;;-107.86480654390364
Redhead Equipment Ltd.;;4404 - 37th Ave;;Lloydminster;;SK;;S9V 1R6;;53.27879573519191;;-109.97142835177372
Redhead Equipment Ltd.;;Hwy. 39, PO Box 910;;Estevan;;SK;;S4A 2A7;;49.157211359212646;;-103.02897424209043
Remorques Lewis Inc.;;499 Chemin du Grand Rang;;La Presentation;;QC;;J0H 1B0;;45.61522707913105;;-73.07447455937394
Rocks Welding;;179 Palmer Brook Road;;Quispamsis;;NB;;E2E 4Z4;;45.43552496454273;;-65.91713727287342
Rodolfo Hernandez - Zeta Forwarding;;13612 North Unitec Drive;;Laredo;;TX;;78045;;27.6912934705405;;-99.4545216326378
RS Machinery LLC;;7230 HWY 83;;Glenburn;;ND;;58740;;48.37194167531991;;-101.29608921696844
RTS Truck Center;;565 Beach Lake Hwy;;Honesdale;;PA;;18431;;41.57905606675833;;-75.18763808987855
Russel Metals Inc;;25 Richards St. Industrial Park North;;Edmundston;;NB;;E3V 4H4;;47.39610516061552;;-68.32741888649561
S & S Farm Supply;;drop ship at Willrett Farm Equipment;;Hinckley;;IL;;60520-6154;;41.74669165536977;;-88.65812817641222
S & S Trailer Sales Inc. - CCO;;455 North 10th Street;;Omaha;;NE;;68102;;41.26378139064141;;-95.92828537298095
S & S Trailers Sales, Inc;;717 N. Pennsylvania Ave.;;Ness City;;KS;;67560;;38.461781594607565;;-99.90575259023403
S&S Traier Sales c/o Fonner Park;;700 E. Stolley Park Rd.;;Grand Island;;NE;;68802;;40.90614123561917;;-98.32884614230922
S&S Trailer Sales c/o McKeel Equipment;;503 Walnut Street;;Murray;;KY;;42071;;36.61177997982712;;-88.30376691542048
Salem Farm Supply Inc.;;5109 Stsate Rte 22;;Salem;;NY;;12865;;43.192050734391756;;-73.32596723071399
Santee Cooper;;One Riverwood Drive;;Moncks Corner;;SC;;29461;;33.19931789486012;;-79.98048713337214
Schwing Bioset;;350 SMC Drive;;Somerset;;WI;;54025;;45.13219492640288;;-92.66386000171669
Semi Trailer Sales;;4009 East Divide Ave.;;Bismarck;;ND;;58501;;46.82869055591419;;-100.72589138633066
Services D'EquipmentS GD Inc.;;995 RUE RIVARD;;QUEBEC;;QC;;G1M 3G8;;46.82473929575955;;-71.28471037283677
Sharpe's Auto Salvage Ltd;;5265, Route 105;;Pembroke;;NB;;E7N 1S3;;46.18574192432105;;-67.54694335751309
Shur-Co of Ohio;;4676 Lynn Road;;Rootstown;;OH;;44272;;41.110449885292184;;-81.22321894414972
Small's Trucking LLC;;10229 Killduff Rd.;;Gambier;;OH;;43022;;40.377453094031786;;-82.35275414416762
South Carolina Public Service Authority;;223 N. Live Oak Drive;;Moncks Corner;;South Carolina;;29461;;33.19899054510715;;-80.00645785966906
South Fork Harvesters;;32832 736 Road;;Imperial;;NE;;69033;;40.49450279418447;;-101.6184820171752
Southern Farm Show;;1025 Blue Ridge Blvd;;Raleigh;;NC;;27607;;35.794890831662464;;-78.70780520194374
Spudnik Equipment Company LLC;;110 AIRPORT DRIVE;;PRESQUE ISLE;;ME;;4769;;46.691864239647074;;-68.03241145934474
Star Furniture;;16666 Barker Springs Road;;Houston;;Texas;;77084;;29.78705765384107;;-95.67247365973594
Staraget Mfg (2020) Ltd.;;140 Market Drive;;Milton;;ON;;L9T 3H5;;43.52106785318271;;-79.90265769991345
Stargate Mgf (2020) Ltd.;;140 Market Drive;;Milton;;ON;;L9T 3H5;;43.52106785318271;;-79.90265769991345
Summit Trailer Ltd.;;1160 Commercial Way;;Penticton;;BC;;V2A 3H5;;49.48084381995857;;-119.56854193043192
Summit Trailer Ltd.;;21010 - 108 Ave;;Edmonton;;AB;;T5S 1X4;;53.56722674121361;;-113.74747353215736
Tag Technical Solutions, LLC;;12104 Brookstone Drive;;Knoxville;;TN;;37934;;35.85138876609896;;-84.16629221162508
TEC Equipment Inc.;;PO Box 11272;;Portland;;OR;;97211-0272;;45.61972591981704;;-122.67182771704864
The McLean Company;;6681 Chittenden Road;;Hudson;;OH;;44236;;41.249491109376606;;-81.49717919939442
Total Truck & Equipment;;9122 Rock Island Rd.;;Prince George;;BC;;V2N 5T4;;53.83998851157401;;-122.73429425913874
Trailer Shop Canada;;1399 Advance Rd;;Oakville;;ON;;L6L 6L6;;43.42550043562942;;-79.71720568826662
Trailers Plus;;2223 Drummond Line;;Peterborough;;ON;;K9J 6X8;;44.30226893574614;;-78.24700627290353
Transfinder Equipment Ltd.;;PO Box 2660;;Stony Plain;;AB;;T7Z 1Y2;;53.526637555440225;;-114.00636160786416
Transit Trailer Limited;;3817 County Road 46;;Maidstone;;ON;;N0R 1K0;;42.24480618369598;;-82.95383205946162
Transit Trailer Limited;;150 Exeter Road, Units 40-42;;London;;ON;;N6L 1G9;;42.922325566092205;;-81.26614126924821
Transit Trailer Limited;;7 Pusey Blvd.;;Brantford;;ON;;N3R 2R9;;43.1686294545158;;-80.25646098642773
Transit Trailer Limited;;RR#6 22217 Bloomfield Rd.;;Chatham;;ON;;N7M 5J6;;42.34937055061459;;-82.18095569994338
Transit Trailer Limited;;70 Adam Ferrie Place;;Kitchener;;ON;;N2E 2A9;;43.403139705168044;;-80.46389833280648
Treyco Manufacturing;;1500 Chestnut St-Lebannon;;St-Lebanon;;Pennsylvania;;17042;;40.33691363733855;;-76.43699273067382
Truck Pro;;Highway 10 East;;Yorkton;;SK;;S3N 2X3;;51.192153551374865;;-102.51513199623913
Truck World;;International Ctr. Hall 5 6900 Airport Rd.;;Mississauga;;ON;;L4V 1E8;;43.70358387042502;;-79.63683675942438
USCH - Heartland Events Center;;700 East Stolley Park Road;;Grand Island;;NE;;68801;;40.90557735438951;;-98.33005973065995
USPFO For West Virginia;;50 Armory Road;;Buckhannon;;WV;;26201;;38.97350895354787;;-80.22472450187136
Valley Equipment Ltd.;;289 McLean St.;;Hartland;;NB;;E7P 2K7;;46.30042347476836;;-67.5204234458607
Valley Equipment Ltd.;;178 Greenview Drive;;Hanwell;;NB;;E3C 2A5;;45.91706493134131;;-66.70847370556815
Visionary Solutions LLC;;2553 Quality Lane;;Knoxville;;TN;;37931;;35.96364271997265;;-84.1429479978207
Visionary Solutions,LLC/Interstate Ventures,Inc;;2553 Quality Lane;;Knoxville;;TN;;37931;;35.96369624439261;;-84.14295352538375
VM Transport Ltd.;;P.O. Box 1138 SW 32 14 17W;;Minnedosa;;Manitoba;;R0J 1E0;;50.24596036103617;;-99.86690637273978
Walpole;;32 Industrial Road;;Walpole;;MA;;2081;;42.11812020292206;;-71.26768501713502
Walpole;;32 Industrial Road;;Walpole;;MA;;2081;;42.118088369866825;;-71.2676206441246
Weaco Equip C/O Berkshire Bridge&Iron Co.;;140 E Housatonic St.;;Dalton;;MA;;1226;;42.46817078933288;;-73.15398049994039
Weaco Equipment;;4009 Conrad Weiser Parkway;;Womelsdorf;;PA;;19567;;40.38078056141354;;-76.22515280552868
Wieland Sales Inc.;;3165 Wolf Rd.;;Saginaw;;MI;;48601;;43.45408762280771;;-83.88967811340997
Wieland Truck Center;;3165 Wolf Rd;;Saginaw;;MI;;48601;;43.454064257789156;;-83.88976394409052
Willrett Farm Equipment;;3354 East 500 Road;;Kansas;;IL;;61933;;39.5407212598782;;-87.89385738034485
Willrett Farm Equipment;;7349 Somonauk Rd.;;Hinckley;;IL;;60520-6154;;41.73916408429122;;-88.65756853063928
WILLRETT FARM Equipment;;15008 US Hwy 30;;HINCKLEY;;IL;;60520;;41.7409196609592;;-88.6579122404627
Willrett Farm Equipment C/O TA Truck Stop;;2021 Eatonton Rd.;;Madison;;Georgia;;30650;;33.55228651663717;;-83.47506360014613
Wisconsin Farm Tech. Days - Ebert Enterprises LLC;;E5083 County Road K;;Algoma;;WI;;54201;;44.586927164186605;;-87.51304593181347
World of Asphalt - Marshalling Yard;;1147 S. White River Pkwy E. Dr.;;Indianapolis;;IN;;46225;;39.75310326355947;;-86.17215590185282
World of Asphalt - Marshalling Yard;;1147 S. White River Pkwy E. Dr.;;Indianapolis;;IN;;46225;;39.753144505578234;;-86.17218808835803
WORTHINGTON AG Service;;209 WEST AVENUE, PO BOX 89;;WORTHINGTON;;MO;;63567;;40.41172173557319;;-92.68960873067198
Wrights Trucking and Harvesting;;835 Greenwood Road;;Sidney;;NE;;69162;;41.1456693641594;;-102.954020730654
Wrights Trucking and Harvesting;;835 Greenwood Road;;Sidney;;NE;;69162;;41.1456693641594;;-102.954020730654
WRPS;;2355 Stevens Drive;;Richalnd;;WA;;99354;;46.318078754359895;;-119.28466314038816
Yoder & Frey;;651 West Southport Rd.;;Kissimmee;;FL;;34746;;28.147971212298536;;-81.40901332084647
Zeta Freight Forwarding;;13612 North Unitec Drive;;Laredo;;TX;;78045;;27.691307382968358;;-99.45447427326853