IDStd,Model No,Standard No,Group,Section,Description,Start Date,End Date,SortG,SortSe,Selection,SortGv2,SortSev2,New Spec Wording
4541894,53EWF4X,53EWF4X-029,SUSPENSION/AXLES,Brake Chamber,"#3030 on Tridem and 30 pots on steer axle",NULL,NULL,7,5,NULL,40,50,NULL
4541958,53EWF4X,53EWF4X-030,SUSPENSION/AXLES,Air Brake System,"4S/2M",NULL,NULL,7,6,NULL,40,60,NULL
4541959,53EWF4X,53EWF4X-033,SUSPENSION/AXLES,Hubs & Drums,"10 Stud long, Cast",NULL,NULL,7,9,NULL,40,100,NULL
4541960,53EWF4X,53EWF4X-061,TRAILER,Box Height,"97 in.",NULL,NULL,NULL,NULL,NULL,1,40,NULL
4541961,53EWF4X,53EWF4X-062,STRUCTURE,Back Door,"Barn Style, Steel plated with no ventilation door, 3 MM, 100,000 PSI",NULL,NULL,NULL,NULL,NULL,16,120,NULL
4541962,53EWF4X,53EWF4X-067,STRUCTURE,Central Lacing,"Flatbar 1/4 in. x 3 in. positioned in X Bracing",NULL,NULL,NULL,NULL,NULL,16,60,NULL
4541963,53EWF4X,53EWF4X-068,STRUCTURE,Side Rail,"3/16 in., 100,000 PSI",NULL,NULL,NULL,NULL,NULL,16,40,NULL
4541965,53EWF4X,53EWF4X-012,STRUCTURE,Wall,"1/8 in. Hardox 450",NULL,NULL,4,3,NULL,16,130,NULL
4541966,53EWF4X,53EWF4X-018,GENERAL SPECIFICATIONS,Tow eyes at rear,"Included",NULL,NULL,4,9,NULL,73,100,NULL
4541967,53EWF4X,53EWF4X-035,SUSPENSION/AXLES,Tires,"12 of 11R22.5 Continental HSR2 and 2 of 385/65R22.5 Continental HTR2",NULL,NULL,7,11,NULL,40,130,NULL
4541968,53EWF4X,53EWF4X-074,GENERAL SPECIFICATIONS,PTO Capacity,"30 GPM @ 3000 psi",NULL,NULL,NULL,NULL,NULL,73,150,NULL
4541969,53EWF4X,53EWF4X-075,GENERAL SPECIFICATIONS,Hydraulic Couplings,"Quick Connect with Cap",NULL,NULL,NULL,NULL,NULL,73,140,NULL
4541970,53EWF4X,53EWF4X-080,GENERAL SPECIFICATIONS,Air Tank Drainage,"Cable Line in tube",NULL,NULL,NULL,NULL,NULL,73,170,NULL
4541971,53EWF4X,53EWF4X-022,STRUCTURE,Front Panel,"Steel 3 MM 100,000 PSI",NULL,NULL,4,13,NULL,16,110,NULL
4541972,53EWF4X,53EWF4X-039,GENERAL SPECIFICATIONS,Lights,"LED CMVSS 108 / FMVSS 108",NULL,NULL,10,3,NULL,73,30,NULL
4541975,53EWF4X,53EWF4X-026,SUSPENSION/AXLES,Spread,"72 in. - 72 in. - 100 in.",NULL,NULL,7,2,NULL,40,20,NULL
4541976,53EWF4X,53EWF4X-060,STRUCTURE,Roof Bows,"2 of 6 in. x 2 in. x 3/8 in., bolted on each side and placed at 1/3 rd and 2/3rd position in the box",NULL,NULL,NULL,NULL,NULL,16,150,NULL
4541978,53EWF4X,53EWF4X-010,STRUCTURE,Main Beams,"3/16 in. 80,000 PSI",NULL,NULL,4,1,NULL,16,10,NULL
4541979,53EWF4X,53EWF4X-044,GENERAL SPECIFICATIONS,Front Fenders,"None Required",NULL,NULL,10,8,NULL,73,80,NULL
4541980,53EWF4X,53EWF4X-056,SUSPENSION/AXLES,Lift Suspension,"1 of 30,000 lbs overslung, Super Single wheel steer with Reverse-O-matic includes control box",NULL,NULL,NULL,NULL,NULL,40,35,NULL
4541981,53EWF4X,53EWF4X-063,STRUCTURE,Crossmembers,"I Beam - 4 in. on 12 in. centers",NULL,NULL,NULL,NULL,NULL,16,70,NULL
4541982,53EWF4X,53EWF4X-071,STRUCTURE,Floor,"Keith KRFII - 53FT. X 102 in. 24 x 2301 with 2 additional slats (34LA822104) (101.625)",NULL,NULL,NULL,NULL,NULL,16,80,NULL
4541983,53EWF4X,53EWF4X-072,SUSPENSION/AXLES,Bearings,"HP Parallel with Splash Guards",NULL,NULL,NULL,NULL,NULL,40,90,NULL
4541984,53EWF4X,53EWF4X-077,GENERAL SPECIFICATIONS,Reflective Tape,"Included",NULL,NULL,NULL,NULL,NULL,73,120,NULL
4541985,53EWF4X,53EWF4X-078,GENERAL SPECIFICATIONS,Document Holder,"Aluminum",NULL,NULL,NULL,NULL,NULL,73,110,NULL
4541986,53EWF4X,53EWF4X-009,COUPLER,Coupler Location,"30 in.",NULL,NULL,3,4,NULL,10,30,NULL
4541987,53EWF4X,53EWF4X-034,SUSPENSION/AXLES,Control Box,"Located on the front wall by gladhands, Driver Side",NULL,NULL,7,10,NULL,40,110,NULL
4541989,53EWF4X,53EWF4X-021,STRUCTURE,Tarp,"Optional",NULL,NULL,4,12,NULL,16,230,NULL
4541990,53EWF4X,53EWF4X-027,SUSPENSION/AXLES,Suspension,"3 of Ridewell RAR 260 30,000 lbs",NULL,NULL,7,3,NULL,40,30,NULL
4541991,53EWF4X,53EWF4X-028,SUSPENSION/AXLES,Brakes,"16 1/2 in. x 7 in.,  Includes Dust Shields",NULL,NULL,7,4,NULL,40,40,NULL
4541992,53EWF4X,53EWF4X-036,SUSPENSION/AXLES,Wheels,"12 of 8.25 x 22.5 Mill Finish and 2 of 22.5 x 12.25 (offsetr 0.56) Accuride - Mill Finish",NULL,NULL,7,12,NULL,40,140,NULL
4541993,53EWF4X,53EWF4X-041,GENERAL SPECIFICATIONS,Finishing,"Epoxy Primed, Top Coat",NULL,NULL,10,5,NULL,73,50,NULL
4541994,53EWF4X,53EWF4X-042,GENERAL SPECIFICATIONS,Mudflaps,"1 set at rear with Chrome Anti Sail Brackets",NULL,NULL,10,6,NULL,73,70,NULL
4541995,53EWF4X,53EWF4X-057,TRAILER,Height,"158 in.",NULL,NULL,NULL,NULL,NULL,1,30,NULL
4541996,53EWF4X,53EWF4X-058,SUSPENSION/AXLES,Load Gauge,"4 1/2 in. dial set air/silicone, Driver Side in Control Box",NULL,NULL,NULL,NULL,NULL,40,120,NULL
4541997,53EWF4X,53EWF4X-019,STRUCTURE,Landing Gear,"Dual two speed, Heavy Duty",NULL,NULL,4,10,NULL,16,210,NULL
4541998,53EWF4X,53EWF4X-025,SUSPENSION/AXLES,Axles,"3 of 25,000 lbs Capacity 77.5 in. Track and 1 of Ridewell RSS-233, 3/4 in. wall, 86 in. track",NULL,NULL,7,1,NULL,40,10,NULL
4541999,53EWF4X,53EWF4X-040,GENERAL SPECIFICATIONS,Lights,"Strobe lights in Rear Header",NULL,NULL,10,4,NULL,73,40,NULL
4542000,53EWF4X,53EWF4X-082,GENERAL SPECIFICATIONS,Hydraulic Valves,"set for Keith Mobile Floor",NULL,NULL,NULL,NULL,NULL,73,160,NULL
4542002,53EWF4X,53EWF4X-023,STRUCTURE,Catwalk,"None Required",NULL,NULL,4,14,NULL,16,140,NULL
4542003,53EWF4X,53EWF4X-066,STRUCTURE,Central Rails,"Included",NULL,NULL,NULL,NULL,NULL,16,50,NULL
4542004,53EWF4X,53EWF4X-069,STRUCTURE,Floor Reinforcement,"Over Wheel Area",NULL,NULL,NULL,NULL,NULL,16,100,NULL
4542005,53EWF4X,53EWF4X-054,GENERAL SPECIFICATIONS,Work lights,"Optional",NULL,NULL,NULL,NULL,NULL,73,45,NULL
4542015,53EWF4X,53EWF4X-002,TRAILER,Overall Width,"102 in.",NULL,NULL,1,2,NULL,1,20,NULL
4542016,53EWF4X,53EWF4X-043,GENERAL SPECIFICATIONS,Color,"Black, Inside wall not to be painted approx 2 ft",NULL,NULL,10,7,NULL,73,60,NULL
4542017,53EWF4X,53EWF4X-073,STRUCTURE,Sub Floor,"1 x 1 Steel",NULL,NULL,NULL,NULL,NULL,16,90,NULL
4542018,53EWF4X,53EWF4X-001,TRAILER,Overall Length,"53 ft.",NULL,NULL,1,1,NULL,1,10,NULL
4542019,53EWF4X,53EWF4X-007,COUPLER,Coupler Plate,"3/8 in. 100,000 PSI, 48 in. Height",NULL,NULL,3,2,NULL,10,20,NULL
4542020,53EWF4X,53EWF4X-031,SUSPENSION/AXLES,Slack Adjusters,"Automatic",NULL,NULL,7,7,NULL,40,70,NULL
4542021,53EWF4X,53EWF4X-032,SUSPENSION/AXLES,Camshafts,"28 Spline",NULL,NULL,7,8,NULL,40,80,NULL
4542022,53EWF4X,53EWF4X-037,GENERAL SPECIFICATIONS,Electrical System,"LED",NULL,NULL,10,1,NULL,73,10,NULL
4542023,53EWF4X,53EWF4X-038,GENERAL SPECIFICATIONS,Lights in Back Door,"3 of LED Red",NULL,NULL,10,2,NULL,73,20,NULL
4542024,53EWF4X,53EWF4X-064,STRUCTURE,Bottom Rail,"100,000 PSI",NULL,NULL,NULL,NULL,NULL,16,30,NULL
4542025,53EWF4X,53EWF4X-065,STRUCTURE,Top Rail,"100,000 PSI",NULL,NULL,NULL,NULL,NULL,16,20,NULL
6289724,53EWF4X,53EWF4X-084,TRAILER,Cubic Capacity,NULL,NULL,NULL,NULL,NULL,NULL,1,60,NULL
6289727,53EWF4X,53EWF4X-083,TRAILER,Weight +/- 2%,NULL,NULL,NULL,NULL,NULL,NULL,1,50,NULL
13444928,53EWF4X,53EWF4X-085,STRUCTURE,Floor Cylinders,"3 1/2 in.",NULL,NULL,NULL,NULL,NULL,16,81,NULL
