Text0,Text5,Desc,LongDesc,Text89,Text91,Text64,Text19,Text15,Text17,Text66,Text94,Text67,Text68,Text69,Text70,Text71,Text72,Seq,Op,Comp,Desc_txt,LongDesc_txt,Text95,QtPer,SUOM,MC,,RT,,LC,,TC,,,,,,,,,
,,,,,,,,,,,,,,,,,,21-Jan-21,3,402121-AXN-TBD,AXLE TA300T67E775-8404 ABS,"10 STUD LONG 3/4"" WALL",0,1,EA,"1,301.25",,,,0.00,,"1,301.25",,,,,,,,,
,,,,,,,,,,,,,,,,,,21-Jan-21,3,402122-AXN-TBD,AXLE TA300T67E775-8405 N/ABS,"10 STUD LONG 3/4"" WALL",0,2,EA,"2,445.34",,,,0.00,,"2,445.34",,,,,,,,,
,,,,,,,,,,,,,,,,,,22-Feb-21,3,402284,SENSOR #RM-200512,USED IN KIT 402195,0,1,EA,87.08,,,,0.00,,87.08,,,,,,,,,
,,,,,,,,,,,,,,,,,,27-Jan-21,3,402316,BLOCK #RM-200516,USED WITH REVERSE/MATIC KIT,0,1,EA,7.84,,,,0.00,,7.84,,,,,,,,,
,,,,,,,,,,,,,,,,,,27-Jan-21,3,402316-1,CLIP BLOCK #RM-200517,USED WITH REVERSE/MATIC KIT,0,1,EA,6.22,,,,0.00,,6.22,,,,,,,,,
,,,,,,,,,,,,,,,,,,30-Jun-20,3,402760,SUSP R.WELL WEST/LIFT AXLE,#2200007 / RUA-220HL-1-15-USW,360,1,EA,"4,043.13",,,,0.00,,"4,043.13",,,,,,,,,
,,,,,,,,,,,,,,,,,,,3,402858,AXLE SSA703184-09128N511IMT23-CAHD,BWS147-DXT594523,0,1,EA,"5,067.00",,,,0.00,,"5,067.00",,,,,,,,,
,,,,,,,,,,,,,,,,,,21-May-20,3,40685,"SUSP R.WELL 30000# 15"" R/HT",O/S #2400815 70 DURO,1080,3,EA,"4,713.28",,,,0.00,,"4,713.28",,,,,,,,,
,,,,,,,,,,,,,,,,,,29-Jan-21,3,40900458,BRACKET 1 HL. SUSPENSION, ,0,12,EA,25.98,,,,0.00,,25.98,,,,,,,,,
,,,,,,,,,,,,,,,,,,25-Feb-21,4,03020,BOLT HEX 3/8 X 1-1/4 UNC,GR 5,0,11,EA,1.23,,,,0.00,,1.23,,,,,,,,,
,,,,,,,,,,,,,,,,,,16-Mar-21,4,03132,"BOLT HEX 5/8"" X 1 1/2"" UNC",GR 5,0,24,EA,9.35,,,,0.00,,9.35,,,,,,,,,
,,,,,,,,,,,,,,,,,,16-Mar-21,4,03241,NUT LOCK NYL 5/8 -11 UNC,#0169782,0,37,EA,8.12,,,,0.00,,8.12,,,,,,,,,
,,,,,,,,,,,,,,,,,,15-Mar-21,4,03273,WASHER FLAT 1-1/4,#0159688,0,2,EA,1.00,,,,0.00,,1.00,,,,,,,,,
,,,,,,,,,,,,,,,,,,16-Mar-21,4,03564,NUT LOCK NYL 3/8 -16 UNC,#0169778,0,19,EA,0.96,,,,0.00,,0.96,,,,,,,,,
,,,,,,,,,,,,,,,,,,16-Mar-21,4,03745,NUT LOCK MET 5/8 -18 UNF,#37312,0,14,EA,3.38,,,,0.00,,3.38,,,,,,,,,
,,,,,,,,,,,,,,,,,,16-Mar-21,4,03751,BOLT HEX 5/8 X 2-1/2 UNF,#18962,0,14,EA,12.15,,,,0.00,,12.15,,,,,,,,,
,,,,,,,,,,,,,,,,,,08-Feb-21,4,04213,CHAIN 1/2 GR70 7-LINKS,CAMPBELL BRAND CHAIN,0,6,EA,49.30,,,,0.00,,49.30,,,,,,,,,
,,,,,,,,,,,,,,,,,,19-Feb-21,4,04233,CHAIN 1/2 GR70 9-LINKS,CAMPBELL BRAND CHAIN,0,2,EA,19.80,,,,0.00,,19.80,,,,,,,,,
,,,,,,,,,,,,,,,,,,16-Mar-21,4,04263,"LINK CONNECT  1/2"" TWIN CLEVIS",GR. 7  ALLOY # OC6-7/16-1/2TCL,0,2,EA,16.50,,,,0.00,,16.50,,,,,,,,,
,,,,,,,,,,,,,,,,,,25-Feb-21,4,24032,WINCH NARROW c/w WASHERS,  / 649341/ 43565-14-N,0,10,EA,206.65,,,,0.00,,206.65,,,,,,,,,
,,,,,,,,,,,,,,,,,,26-Mar-20,4,401281,"POCKET EXTE (SOCKET)4-1/2""X 3""",TAPERED # 810655,0,18,EA,"1,458.00",,,,0.00,,"1,458.00",,,,,,,,,
,,,,,,,,,,,,,,,,,,18-Feb-21,4,401282,"BUNK EXTE W/STAKE POCKET- 99""",N 1 END-STEEL # 810660,0,8,EA,"2,560.00",,0.00,,0.00,,"2,560.00",,,,,,,,,
,,,,,,,,,,,,,,,,,,17-Feb-21,4,401499,"BRACE LAND/GEAR 30""-36"" AMS853", ,0,2,EA,29.04,,,,0.00,,29.04,,,,,,,,,
,,,,,,,,,,,,,,,,,,17-Nov-20,4,402253,LANDING GEAR TLG60CCUBV191005,"USED ON LOG, ET TRAILERS pro60",0,1,EA,288.56,,,,0.00,,288.56,,,,,,,,,
,,,,,,,,,,,,,,,,,,08-Apr-19,4,402451,BRACE LAND/GEAR 18-24,#01-OTL1824,0,2,EA,14.50,,,,0.00,,14.50,,,,,,,,,
,,,,,,,,,,,,,,,,,,11-Mar-21,4,403645446,"CHANNEL 4@5.4 X 46""", ,0,3,EA,45.51,,,,0.00,,45.51,,,,,,,,,
,,,,,,,,,,,,,,,,,,29-Jan-21,4,40900395,KEYHOLE PLATE,"   1/4""  50W PLATE",0,2,EA,2.34,,,,0.00,,2.34,,,,,,,,,
,,,,,,,,,,,,,,,,,,12-Mar-21,4,40900454,GROMMET 1 HOLE LG. 10GA.-A36,"2-1/4"" X 2-1/4""",0,22,EA,16.46,,,,0.00,,16.46,,,,,,,,,
,,,,,,,,,,,,,,,,,,12-Mar-21,4,40900455,GROMMET 2 HOLE LG.  10GA.-A36,"2-1/4"" X 4-1/2"" = 0.179 SQ FT",0,14,EA,14.75,,,,0.00,,14.75,,,,,,,,,
,,,,,,,,,,,,,,,,,,29-Jan-21,4,40900458,BRACKET 1 HL. SUSPENSION, ,0,12,EA,25.98,,,,0.00,,25.98,,,,,,,,,
,,,,,,,,,,,,,,,,,,05-Feb-21,4,40900476,CAP WINCH BRACKET  10GA,"PLATE  1.75"" X 2.75""",0,8,EA,6.17,,,,0.00,,6.17,,,,,,,,,
,,,,,,,,,,,,,,,,,,22-Jan-21,4,40933018,PLATE 10 GA FRONT TR. ISO PLUG,"4 1/2 X 15 1/2"" = 0.484 SQ FT",0,1,EA,5.47,,,,0.00,,5.47,,,,,,,,,
,,,,,,,,,,,,,,,,,,11-Jun-20,4,40933038,PLATE DBL BUNK TOP P/S,USE WITH EXTE BUNKS ONLY,0,3,EA,28.78,,,,0.00,,28.78,,,,,,,,,
,,,,,,,,,,,,,,,,,,11-Jun-20,4,40933039,PLATE DBL BUNK BOTTOM,USE WITH HSS OR EXTE BUNKS,0,6,EA,34.91,,,,0.00,,34.91,,,,,,,,,
,,,,,,,,,,,,,,,,,,11-Jun-20,4,40933040,PLATE DBL BUNK REINFORCEMENT,"PLATE 50W 1/4""",0,6,EA,63.48,,,,0.00,,63.48,,,,,,,,,
,,,,,,,,,,,,,,,,,,19-Feb-21,4,40933053,BRACKET BUNK SUPPORT STIFFINER,"1/4""--50W",0,16,EA,22.20,,,,0.00,,22.20,,,,,,,,,
,,,,,,,,,,,,,,,,,,19-Feb-21,4,40933344,LF-REAR GUSSET,1/4 50W PLATE,0,2,EA,20.31,,,,0.00,,20.31,,,,,,,,,
,,,,,,,,,,,,,,,,,,06-Sep-19,4,40933561,PLATE LF GUSSETT,3/8 50W,0,2,EA,14.97,,,,0.00,,14.97,,,,,,,,,
,,,,,,,,,,,,,,,,,,05-Feb-21,4,40934796,BRACKET ABS LIGHT,"3/16"" 50W LOGGER",0,1,EA,6.53,,,,0.00,,6.53,,,,,,,,,
,,,,,,,,,,,,,,,,,,12-Mar-21,4,40946754,"X-MEMBER 41-1/8"" WITH HOLES",1/4 50W PLATE,0,13,EA,564.29,,,,0.00,,564.29,,,,,,,,,
,,,,,,,,,,,,,,,,,,19-Jul-18,4,40950429,REAR SUSPENSION GUSSET,3/8 50W PLATE,0,2,EA,20.68,,,,0.00,,20.68,,,,,,,,,
,,,,,,,,,,,,,,,,,,25-Sep-20,4,40950458,FRONT SUSPENSION GUSSET,3/16 50W PLATE,0,2,EA,11.56,,,,0.00,,11.56,,,,,,,,,
,,,,,,,,,,,,,,,,,,11-Jun-20,4,40950614,PLATE DBL BUNK TOP D/S,USE WITH EXTE BUNK ONLY,0,3,EA,31.40,,,,0.00,,31.40,,,,,,,,,
,,,,,,,,,,,,,,,,,,25-Sep-20,4,40950633,KEYHOLE PLATE,"   1/4""--50W",0,22,EA,23.30,,,,0.00,,23.30,,,,,,,,,
,,,,,,,,,,,,,,,,,,19-Feb-21,4,40950643,REAR SKIRT BRACKET LF,"PLATE 50W 1/4""",0,2,EA,19.90,,,,0.00,,19.90,,,,,,,,,
,,,,,,,,,,,,,,,,,,27-Jan-17,4,40950646,"P-STIFFENER LOADER PIPES 9""",PLATE 50W 1/4,0,4,EA,20.32,,,,0.00,,20.32,,,,,,,,,
,,,,,,,,,,,,,,,,,,11-Feb-21,4,40952074,TOW HOOK BUMPER PIN BAR,"PLATE 100 KSI 3/4""",0,1,EA,163.85,,,,0.00,,163.85,,,,,,,,,
,,,,,,,,,,,,,,,,,,19-Feb-21,4,40952647,PLATE SERRATED EDGE FOR BUNK,"1/2"" 50W    2"" TEETH",0,2,EA,49.72,,,,0.00,,49.72,,,,,,,,,
,,,,,,,,,,,,,,,,,,12-Jul-18,4,40953078,SUSPENSION STAND GUSSET,PLATE 50W 3/16,0,2,EA,52.51,,,,0.00,,52.51,,,,,,,,,
,,,,,,,,,,,,,,,,,,16-Oct-17,4,40953541,PLATE LANDING GEAR PROTECTOR,"  1/4""--50W (16"" LONG)",0,2,EA,41.71,,,,0.00,,41.71,,,,,,,,,
,,,,,,,,,,,,,,,,,,24-Nov-16,4,40953551,FENDER SUPPORT P/S,PLATE DECK 1/8,0,2,EA,50.68,,,,0.00,,50.68,,,,,,,,,
,,,,,,,,,,,,,,,,,,24-Nov-16,4,40953552,FENDER SUPPORT D/S,PLATE DECK 1/8,0,1,EA,42.58,,,,0.00,,42.58,,,,,,,,,
,,,,,,,,,,,,,,,,,,24-Nov-16,4,40953555,FENDER SUPPORT D/S,PLATE DECK 1/8,0,1,EA,25.34,,,,0.00,,25.34,,,,,,,,,
,,,,,,,,,,,,,,,,,,20-Feb-20,4,40953562,PLATE SERRATED EDGE FOR BUNK,"1/2"" 50W    2"" TEETH",0,4,EA,51.52,,,,0.00,,51.52,,,,,,,,,
,,,,,,,,,,,,,,,,,,01-Oct-20,4,40960454,GLAD HAND GUARD PLATE-LD133,3/8 50W PLATE,0,1,EA,47.38,,,,0.00,,47.38,,,,,,,,,
,,,,,,,,,,,,,,,,,,25-Feb-21,4,40964583,COUPLER BRACKET - PLATE,3/16 50W PLATE,0,7,EA,8.42,,,,0.00,,8.42,,,,,,,,,
,,,,,,,,,,,,,,,,,,16-Mar-21,4,40990216,REAR SUSPENSION GUSSET,3/8 50W PLATE,0,6,EA,165.00,,,,0.00,,165.00,,,,,,,,,
,,,,,,,,,,,,,,,,,,12-Mar-21,4,40991405,BRACKET AIR COUPLER SINGLE,"3/16"" 50W PLATE",0,2,EA,6.46,,,,0.00,,6.46,,,,,,,,,
,,,,,,,,,,,,,,,,,,,4,40994672,SSA X-MEMBER WITH HOLES,1/4 50W PLATE,0,3,EA,0.00,,,,0.00,,0.00,,,,,,,,,
,,,,,,,,,,,,,,,,,,24-Feb-20,6,401101K,RIM STEEL 8.25X24.5 (2 HOLE),WH24501-2 WHITE 8000#,984,12,EA,"1,028.55",,,,0.00,,"1,028.55",,,,,,,,,
,,,,,,,,,,,,,,,,,,29-Jun-20,6,402440,RIM ALUM22.5 X 12.25 #29378XP,S/SINGLE .56 INSET/OFFSET,164,2,EA,"1,008.40",,,,0.00,,"1,008.40",,,,,,,,,
,,,,,,,,,,,,,,,,,,15-Mar-21,6,409374,TIRE 11R24.5-16 S815,#S8244558 SAILUN,0,12,EA,"3,466.44",,,,0.00,,"3,466.44",,,,,,,,,
,,,,,,,,,,,,,,,,,,17-Nov-20,6,409375,TIRE 385/65R22.5 S825,#S8244651 SAILUN,0,2,EA,867.96,,,,0.00,,867.96,,,,,,,,,
,,,,,,,,,,,,,,,,,,27-Jan-21,8,17424,REDUCER #MAK 11/06/19,VERY SLOW POLYURETHANE,0,6.5,LTR,46.18,,,,0.00,,46.18,,,,,,,,,
,,,,,,,,,,,,,,,,,,12-Mar-21,8,17462,"PAINT ""BWS"" LIGHT GREY AUE-370",#920967  STAKE GREY 19L KITS,0,12,LTR,307.10,,,,0.00,,307.10,,,,,,,,,
,,,,,,,,,,,,,,,,,,15-Mar-21,8,17464,PAINT BLACK #AUE-370 DRUM,#PPG 942066 19 LITER KITS,0,50,LTR,860.07,,,,0.00,,860.07,,,,,,,,,
,,,,,,,,,,,,,,,,,,23-Feb-21,8,17470,PAINT BLACK #AUE-100 JET BLACK,USED FOR SPRAY BOM'S ONLY,0,1,LTR,16.06,,,,0.00,,16.06,,,,,,,,,
,,,,,,,,,,,,,,,,,,09-Feb-21,8,17492,PRIMER SEP BLACK,19 LITER KIT #707617420,0,34,LTR,603.54,,,,0.00,,603.54,,,,,,,,,
,,,,,,,,,,,,,,,,,,23-Feb-21,8,17547,PRIMER EWP435 GREY,19 LITER KIT,0,12,LTR,213.41,,,,0.00,,213.41,,,,,,,,,
,,,,,,,,,,,,,,,,,,18-Feb-21,9,06151,WIRE 2 COND 14GA,GROTE 82-5503,0,35,FT,8.75,,,,0.00,,8.75,,,,,,,,,
,,,,,,,,,,,,,,,,,,12-Mar-21,9,06466,"GROMMET RB-265 1 1/2"" IDX2 1/8",#88-0112GR,0,40,EA,25.20,,,,0.00,,25.20,,,,,,,,,
,,,,,,,,,,,,,,,,,,08-Mar-21,9,06629,LIGHT KIT U/BLUE BWS-L-LED-H,48' DOUBLE BACK UPS / LED,0,1,EA,420.00,,,,0.00,,420.00,,,,,,,,,
,,,,,,,,,,,,,,,,,,12-Mar-21,9,401361,RECEPTACLE 7 PIN ISO #680-E72,FOR ALL ABS TRAILERS,0,1,EA,12.65,,,,0.00,,12.65,,,,,,,,,
,,,,,,,,,,,,,,,,,,09-Mar-21,9,40213,RECEPTACLE 7 WAY 670-72, ,0,1,EA,8.60,,,,0.00,,8.60,,,,,,,,,
,,,,,,,,,,,,,,,,,,12-Mar-21,9,40474,BOOT FOR 7 WAY SOCKET (#670-722), ,0,2,EA,2.66,,,,0.00,,2.66,,,,,,,,,
,,,,,,,,,,,,,,,,,,16-Mar-21,10,03080,BOLT HEX 3/8 X 1-1/2 UNC,GR 5,0,12,EA,1.55,,,,0.00,,1.55,,,,,,,,,
,,,,,,,,,,,,,,,,,,16-Mar-21,10,03564,NUT LOCK NYL 3/8 -16 UNC,#0169778,0,20,EA,1.01,,,,0.00,,1.01,,,,,,,,,
,,,,,,,,,,,,,,,,,,16-Mar-21,10,03735,NUT LOCK NYL 1/4 -20 UNC,#0169776,0,9,EA,0.23,,,,0.00,,0.23,,,,,,,,,
,,,,,,,,,,,,,,,,,,12-Mar-21,10,06808,HEAT SHRINK & SOLDER SPLICE CO,84-2412,0,1,EA,0.60,,,,0.00,,0.60,,,,,,,,,
,,,,,,,,,,,,,,,,,,26-Oct-20,10,06834,"HARNESS # 66123  10' 9""",1 MALE - 2 FEMALE,0,1,EA,6.62,,,,0.00,,6.62,,,,,,,,,
,,,,,,,,,,,,,,,,,,16-Mar-21,10,07060,FIT TEE 3/8AIRx3/8AIRx3/8AIR,#KV2T11-00,0,12,EA,41.04,,,,0.00,,41.04,,,,,,,,,
,,,,,,,,,,,,,,,,,,16-Feb-21,10,07063,FIT STR 3/8AIRx1/4MNPT,#KV2H11-35S,0,6,EA,10.92,,,,0.00,,10.92,,,,,,,,,
,,,,,,,,,,,,,,,,,,16-Mar-21,10,07065,FIT 90 3/8AIRx1/4MNPT,#KV2L11-35S,0,7,EA,15.53,,,,0.00,,15.53,,,,,,,,,
,,,,,,,,,,,,,,,,,,16-Mar-21,10,07066,FIT 90 1/2AIRx3/8MNPT,#KV2L13-36S,0,3,EA,10.53,,,,0.00,,10.53,,,,,,,,,
,,,,,,,,,,,,,,,,,,16-Mar-21,10,07069,FIT 90 3/8AIRx1/8MNPT,#KV2L11-34S,0,2,EA,4.47,,,,0.00,,4.47,,,,,,,,,
,,,,,,,,,,,,,,,,,,11-Mar-21,10,07082,NIPPLE 1/8 CLOSE   112-A, ,0,2,EA,0.54,,,,0.00,,0.54,,,,,,,,,
,,,,,,,,,,,,,,,,,,03-Feb-21,10,07100,FIT TEE 3/8AIRx3/8AIRx3/8MNPT,#KV2T11-36S,0,1,EA,3.80,,,,0.00,,3.80,,,,,,,,,
,,,,,,,,,,,,,,,,,,16-Mar-21,10,07109,FITTING 1/2 TUBE X 3/8 NPT STR,#KV2H13-36S,0,14,EA,40.22,,,,0.00,,40.22,,,,,,,,,
,,,,,,,,,,,,,,,,,,16-Mar-21,10,07128,FIT 90 1/2AIRx1/4MNPT,#KV2L13-35S,0,1,EA,3.31,,,,0.00,,3.31,,,,,,,,,
,,,,,,,,,,,,,,,,,,16-Feb-21,10,07243,FIT 90 3/8AIRx3/8MNPT,#KV2L11-36S,0,3,EA,8.21,,,,0.00,,8.21,,,,,,,,,
,,,,,,,,,,,,,,,,,,16-Mar-21,10,07244,FIT STR 3/8AIRx3/8MNPT,#KV2H11-36S,0,6,EA,11.49,,,,0.00,,11.49,,,,,,,,,
,,,,,,,,,,,,,,,,,,05-Feb-21,10,07253,FITTING 1/4 SHUT OFF PV608-4, # 2120B 4.75,0,1,EA,7.55,,,,0.00,,7.55,,,,,,,,,
,,,,,,,,,,,,,,,,,,16-Feb-21,10,07254,FIT TEE 3/8AIRx1/4MNPTx3/8AIR,#KV2Y11-35S,0,8,EA,28.95,,,,0.00,,28.95,,,,,,,,,
,,,,,,,,,,,,,,,,,,05-Feb-21,10,08290,GAUGE PG-100SG25 LIQUID FILL,#02190989 BOTTOM MOUNT (SIDE),0,1,EA,13.39,,,,0.00,,13.39,,,,,,,,,
,,,,,,,,,,,,,,,,,,12-Feb-21,10,09682,FIT STR 3/4MNPTx1/2MNPT,#S1022ED,0,2,EA,2.96,,,,0.00,,2.96,,,,,,,,,
,,,,,,,,,,,,,,,,,,22-Jan-21,10,17077,BUSHING REDUCING - 3/8 x 1/4,#S1010-CB,0,8,EA,5.76,,,,0.00,,5.76,,,,,,,,,
,,,,,,,,,,,,,,,,,,23-Feb-21,10,17090,PLUG 1/4 PIPE S1009-B, ,0,2,EA,0.28,,,,0.00,,0.28,,,,,,,,,
,,,,,,,,,,,,,,,,,,11-Mar-21,10,17091,PLUG 3/8 PIPE S1009-C, ,0,5,EA,1.10,,,,0.00,,1.10,,,,,,,,,
,,,,,,,,,,,,,,,,,,05-Feb-21,10,17105,NIPPLE 1/4 CLOSE,#BI-112-B,0,2,EA,0.97,,,,0.00,,0.97,,,,,,,,,
,,,,,,,,,,,,,,,,,,25-Feb-21,10,17211,BUSHING REDUCING - 3/4 x 1/4,#S1010-EB,0,2,EA,3.00,,,,0.00,,3.00,,,,,,,,,
,,,,,,,,,,,,,,,,,,18-Feb-21,10,401052,TANK AIR 1280/2002D  BIG 2PORT,18 PER SKID / 2002D RQ1280,90,3,EA,185.76,,,,0.00,,185.76,,,,,,,,,
,,,,,,,,,,,,,,,,,,25-Feb-21,10,401230,HOSE AIR 3/8 RUBBER HAB-6-32C,"3/8 X 32""",0,4,EA,20.52,,,,0.00,,20.52,,,,,,,,,
,,,,,,,,,,,,,,,,,,14-Mar-21,10,401530,ISOLATOR RUBBER/AIRTANK,"#2000FB, RQ094-31010",0,6,EA,3.12,,,,0.00,,3.12,,,,,,,,,
,,,,,,,,,,,,,,,,,,22-Feb-21,10,401824,ABS KIT 2S/1M,KIT# SN2614G 7/2/19,0,1,EA,274.69,,,,0.00,,274.69,,,,,,,,,
,,,,,,,,,,,,,,,,,,25-Feb-21,10,401886,CABLE #201198BC USED ON,2S/1M ABS SYSTEM,0,3,EA,23.19,,,,0.00,,23.19,,,,,,,,,
,,,,,,,,,,,,,,,,,,18-Feb-21,10,40192,GLAD HAND SERVICE GHS-SC,BLUE C/W SCREEN,0,1,EA,2.17,,,,0.00,,2.17,,,,,,,,,
,,,,,,,,,,,,,,,,,,18-Feb-21,10,40193,GLAD HAND EMERGENCY GHE-SC,RED C/W SCREEN,0,1,EA,2.17,,,,0.00,,2.17,,,,,,,,,
,,,,,,,,,,,,,,,,,,02-Feb-21,10,40195,BOLT GLAD HAND TERM 1497-DBS,1497-DBSFAIRVIEW -12805 SPART,0,2,EA,8.76,,,,0.00,,8.76,,,,,,,,,
,,,,,,,,,,,,,,,,,,11-Mar-21,10,40198,FITTING 1/4 NPT BRASS PETCOCK,241HP-B 150 PSI,0,3,EA,17.48,,,,0.00,,17.48,,,,,,,,,
,,,,,,,,,,,,,,,,,,09-Mar-21,10,40203,VALVE QUICK RELEASE #TV229859, ,0,2,EA,24.64,,,,0.00,,24.64,,,,,,,,,
,,,,,,,,,,,,,,,,,,16-Mar-21,10,402051,BRAKE MAXI 3030 1713030016,"6"" PUSH ROD LIFE SEAL",0,6,EA,461.46,,,,0.00,,461.46,,,,,,,,,
,,,,,,,,,,,,,,,,,,04-Mar-21,10,402195,MODUAL RM-60-NK REV/MATIC,USED ON 4 AXLE LOG TRAILER,0,1,EA,287.38,,,,0.00,,287.38,,,,,,,,,
,,,,,,,,,,,,,,,,,,04-Mar-21,10,402195-1,HARNESS #RM-200508,4-WAY EXTENSION 50',0,1,EA,35.01,,,,0.00,,35.01,,,,,,,,,
,,,,,,,,,,,,,,,,,,04-Mar-21,10,402195-2,HARNESS #RM-60-7 BULLET,RM200521,0,1,EA,63.79,,,,0.00,,63.79,,,,,,,,,
,,,,,,,,,,,,,,,,,,04-Mar-21,10,402532,CONTROL BOX RA016SSA-21LS,SELF STEERL LIFT ONLY,0,1,EA,546.00,,,,0.00,,546.00,,,,,,,,,
,,,,,,,,,,,,,,,,,,11-Mar-21,10,402677,BOLT GLAD HAND TERM 1495-C,3/8 X 3/8 STEEL,0,16,EA,56.32,,,,0.00,,56.32,,,,,,,,,
,,,,,,,,,,,,,,,,,,12-Feb-21,10,40358,940-5 HOSE SPACER,HAB-HANGER-6,0,6,EA,3.36,,,,0.00,,3.36,,,,,,,,,
,,,,,,,,,,,,,,,,,,05-Aug-20,10,40482,BOLT TERMINAL #1495B-A,"1/8"" TO 1/8"" DUMP TRAILER",0,1,EA,2.89,,,,0.00,,2.89,,,,,,,,,
,,,,,,,,,,,,,,,,,,11-Mar-21,10,40511,HOSE AIR 3/8 RUBBER HAB-6-24C,"3/8""X24"" THERMOID",0,12,EA,56.38,,,,0.00,,56.38,,,,,,,,,
,,,,,,,,,,,,,,,,,,16-Mar-21,10,40572,VALVE HT. CONTROL 90054007, ,0,1,EA,40.14,,,,0.00,,40.14,,,,,,,,,
,,,,,,,,,,,,,,,,,,18-Feb-21,10,40839,VALVE PRES. PROTECTION,WM778A1,0,2,EA,28.22,,,,0.00,,28.22,,,,,,,,,
,,,,,,,,,,,,,,,,,,16-Mar-21,10,40846,ROD CONNECTING NEWAY HT CONTRL,48100225,0,1,EA,7.79,,,,0.00,,7.79,,,,,,,,,
,,,,,,,,,,,,,,,,,,09-Mar-21,10,40853,VALVE RELAY 2 PORT N30108BD,"""RG2"" VALVE",0,2,EA,59.54,,,,0.00,,59.54,,,,,,,,,
,,,,,,,,,,,,,,,,,,20-Nov-19,10,40950039,BRACKET RIDE HEIGHT,"1/4"" ALUM. SMOOTH",0,1,EA,6.29,,,,0.00,,6.29,,,,,,,,,
,,,,,,,,,,,,,,,,,,09-Mar-21,11,06037,REFLECTOR AMBER #B491A, ,0,2,EA,1.22,,,,0.00,,1.22,,,,,,,,,
,,,,,,,,,,,,,,,,,,09-Mar-21,11,06038,REFLECTOR RED B491R, ,0,2,EA,1.21,,,,0.00,,1.21,,,,,,,,,
,,,,,,,,,,,,,,,,,,10-Mar-21,11,100121,DECAL DO NOT DRILL,NEED TO BE YELLOW BACKGROUND,0,2,EA,3.80,,,,0.00,,3.80,,,,,,,,,
,,,,,,,,,,,,,,,,,,04-Oct-19,11,100166,"DECAL WARNING ""BWS LIABILITY""","3"" X 7""",0,1,EA,1.88,,,,0.00,,1.88,,,,,,,,,
,,,,,,,,,,,,,,,,,,10-Mar-21,11,100202,DECAL BWS 5-1/2 X 19,NEW BWS,0,1,SET,15.90,,,,0.00,,15.90,,,,,,,,,
,,,,,,,,,,,,,,,,,,10-Mar-21,11,100400,DECAL WARNING AIR SUSPENSION,"6""X3-1/2""",0,1,EA,1.90,,,,0.00,,1.90,,,,,,,,,
,,,,,,,,,,,,,,,,,,24-Feb-21,11,100530,"DECAL WARNING ""FULLY CHARGED","AIR BAGS""",0,1,EA,2.00,,,,0.00,,2.00,,,,,,,,,
,,,,,,,,,,,,,,,,,,24-Feb-21,11,100601,"DECAL WARNING ""METHYL HYDRATE""",THREE IN ONE FRENCH & ENGLISH,0,1,EA,3.10,,,,0.00,,3.10,,,,,,,,,
,,,,,,,,,,,,,,,,,,10-Mar-21,11,100651,"DECAL WARNING ""AXLE RESTRAINT""", ,0,1,EA,1.37,,,,0.00,,1.37,,,,,,,,,
,,,,,,,,,,,,,,,,,,24-Feb-21,11,100746,DECAL CONNECTOR PIN LABEL, ,0,1,EA,0.85,,,,0.00,,0.85,,,,,,,,,
,,,,,,,,,,,,,,,,,,10-Mar-21,11,101160,"DECAL ""NEW BWS""","7"" X 2-3/4"" LAMINATED",0,1,EA,4.73,,,,0.00,,4.73,,,,,,,,,
,,,,,,,,,,,,,,,,,,07-Apr-20,11,101385,DECAL TORQUE AXLE,UBOLTS,0,2,EA,3.90,,,,0.00,,3.90,,,,,,,,,
,,,,,,,,,,,,,,,,,,14-Jan-21,11,101405,DECAL ABS,"2""X1-1/4""",0,1,EA,0.30,,,,0.00,,0.30,,,,,,,,,
,,,,,,,,,,,,,,,,,,11-Jun-20,11,101416,DECAL CAUTION ADJUST LIFT,AXLE RIDE 4TH AXLE,0,1,EA,0.70,,,,0.00,,0.70,,,,,,,,,
,,,,,,,,,,,,,,,,,,19-Feb-21,11,40854,SERIAL TAG CARD STOCK,JH5001 OV,0,1,EA,1.39,,,,0.00,,1.39,,,,,,,,,
,,,,,,,,,,,,,,,,,,27-Jan-21,13,02561,"BUSHING SNAP IN SB750-625 5/8""",ID,0,50,EA,4.70,,,,0.00,,4.70,,,,,,,,,
,,,,,,,,,,,,,,,,,,16-Mar-21,13,03022,BOLT HEX SS 1/4 X 1 UNC,GR 18.8,0,20,EA,2.25,,,,0.00,,2.25,,,,,,,,,
,,,,,,,,,,,,,,,,,,16-Mar-21,13,03066,BOLT HEX 5/16 X 1 UNC,#0137498,0,4,EA,0.27,,,,0.00,,0.27,,,,,,,,,
,,,,,,,,,,,,,,,,,,16-Mar-21,13,03241,NUT LOCK NYL 5/8 -11 UNC,#0169782,0,2,EA,0.44,,,,0.00,,0.44,,,,,,,,,
,,,,,,,,,,,,,,,,,,19-Feb-21,13,03256,WASHER LOCK 5/16,GR 5,0,4,EA,0.05,,,,0.00,,0.05,,,,,,,,,
,,,,,,,,,,,,,,,,,,16-Mar-21,13,03266,WASHER FLAT 3/8,#1133008,0,40,EA,0.95,,,,0.00,,0.95,,,,,,,,,
,,,,,,,,,,,,,,,,,,16-Mar-21,13,03711,NUT LOCK NYL 5/16 -18 UNC,#0169777,0,24,EA,0.77,,,,0.00,,0.77,,,,,,,,,
,,,,,,,,,,,,,,,,,,08-Feb-21,13,03748,WASHER FENDER PL 3/8 X 1-1/2,34 PCS/LB,0,4,EA,0.23,,,,0.00,,0.23,,,,,,,,,
,,,,,,,,,,,,,,,,,,24-Feb-21,13,03789,WASHER FENDER SS 5/16 X 1-1/2, ,0,3,EA,0.40,,,,0.00,,0.40,,,,,,,,,
,,,,,,,,,,,,,,,,,,16-Mar-21,13,03909,BOLT HEX SS 5/16 X 1-1/4 UNC,GR 18.8,0,19,EA,4.12,,,,0.00,,4.12,,,,,,,,,
,,,,,,,,,,,,,,,,,,03-Mar-21,13,04169,"CABLE TIE 15-1/4"" 83-6029C",# 762890,0,14,EA,1.19,,,,0.00,,1.19,,,,,,,,,
,,,,,,,,,,,,,,,,,,17-Feb-21,13,100915,SPRAY BOM EMPTY CANS,NEW CAN PF589 8/14/18,0,4,EA,16.57,,,,0.00,,16.57,,,,,,,,,
,,,,,,,,,,,,,,,,,,12-Mar-21,13,13013,"LOOM 1/4"" SPLIT 83-8003-3",500',0,17,FT,1.56,,,,0.00,,1.56,,,,,,,,,
,,,,,,,,,,,,,,,,,,18-Jan-21,13,13014,"LOOM 1-1/2"" SPLIT 83-8005-3",150',0,10,FT,3.66,,,,0.00,,3.66,,,,,,,,,
,,,,,,,,,,,,,,,,,,18-Feb-21,13,17106,NIPPLE 1/4 X 2,#BI-113-B2,0,2,EA,1.06,,,,0.00,,1.06,,,,,,,,,
,,,,,,,,,,,,,,,,,,13-Jul-20,13,19097,"FLAP MUD 36"" x 24"" PLAIN",MR3624 55TON LOWBOY,0,1,EA,17.61,,,,0.00,,17.61,,,,,,,,,
,,,,,,,,,,,,,,,,,,26-Jan-21,13,19125,"FLAP MUD 24"" X 30"" (BWS)",#SSHD2430 RAISED LETTER,0,4,EA,75.04,,,,0.00,,75.04,,,,,,,,,
,,,,,,,,,,,,,,,,,,09-Dec-20,13,23034,UNDERCOATING  AEROSOL,RUST CHECK DS-1054,0,2,EA,14.50,,,,0.00,,14.50,,,,,,,,,
,,,,,,,,,,,,,,,,,,09-Mar-21,13,401092,SEPARATOR 10 STUD HUBPILOT#5903,10 STUD,0,14,EA,42.64,,,,0.00,,42.64,,,,,,,,,
,,,,,,,,,,,,,,,,,,25-Feb-21,13,401703,HOLDER PERMIT #01175,TWIST LOCK TYPE LID,0,1,EA,9.88,,,,0.00,,9.88,,,,,,,,,
,,,,,,,,,,,,,,,,,,04-Mar-21,13,402194,VALVE PROPORTIONING SELF,STEER AXLES #1230107 / WM318A,315,1,EA,214.22,,,,0.00,,214.22,,,,,,,,,
,,,,,,,,,,,,,,,,,,,,,,,,,,AccessTotalsMC:,"35,873.17",AccessTotalsLH:,0.00,AccessTotalsLC:,0.00,AccessTotalsTC:,"35,873.17",,,,,,,,
,,,,,,,,,,,,,,,,,,07-Dec-16,2,40953492,BEAM ASSY.8751LF4X5TNB TRI, ,0,1,SET,"4,315.28",,30.93,,"2,010.45",,"6,325.73",,,,,,,,,
,,,,,,,,,,,,,,,,,,31-Mar-20,3,40934890,SUSPENSION BLOCK, ,0,4,EA,3.66,,0.40,,26.00,,29.66,,,,,,,,,
,,,,,,,,,,,,,,,,,,13-Jan-21,3,40945864,PLATE FLAT SUSPENSION, ,0,6,EA,5.31,,0.30,,19.50,,24.81,,,,,,,,,
,,,,,,,,,,,,,,,,,,02-Oct-20,4,40900403,BRACKET WINCH,"1/4""--A36",0,10,EA,3.77,,0.30,,19.50,,23.27,,,,,,,,,
,,,,,,,,,,,,,,,,,,09-Feb-21,4,40900405,POCKET WINCH CHAIN, ,0,10,EA,22.55,,0.46,,29.90,,52.45,,,,,,,,,
,,,,,,,,,,,,,,,,,,19-Feb-21,4,40900467,BRACKET LANDING GEAR (SMALL),"A36 PLATE, 1 HOLE, 3/8"" X3""X 3",0,2,EA,1.18,,0.08,,5.20,,6.38,,,,,,,,,
,,,,,,,,,,,,,,,,,,13-Jan-21,4,40900470,BRACKET LANDING GEAR (LARGE),"A36 PLATE, 2 HOLE, 3/8"" X 3""X6",0,1,EA,1.18,,0.05,,3.25,,4.43,,,,,,,,,
,,,,,,,,,,,,,,,,,,03-Mar-21,4,40900473,"BRACKET 7-1/8 "" AIR TANK",LARGE AIR TANK BRACKET,0,6,EA,7.75,,0.18,,11.70,,19.45,,,,,,,,,
,,,,,,,,,,,,,,,,,,26-Jan-21,4,40900480,RIDE HEIGHT BRACKET, ,0,1,EA,0.78,,0.04,,2.60,,3.38,,,,,,,,,
,,,,,,,,,,,,,,,,,,06-Jul-20,4,40900483,BRACKET P S MUDFLAP, ,0,1,EA,0.96,,0.04,,2.60,,3.56,,,,,,,,,
,,,,,,,,,,,,,,,,,,03-Mar-21,4,40900489,BRACKET MUDFLAP,"1/8 DECK 24 X 4"" = 0.667 SQ FT",0,2,EA,7.32,,0.14,,9.10,,16.42,,,,,,,,,
,,,,,,,,,,,,,,,,,,09-Apr-20,4,40900489A,BRACKET MUDFLAP LH, ,0,1,EA,3.66,,0.07,,4.55,,8.21,,,,,,,,,
,,,,,,,,,,,,,,,,,,13-Sep-19,4,40900489B,BRACKET MUDFLAP RH, ,0,1,EA,3.66,,0.03,,1.95,,5.61,,,,,,,,,
,,,,,,,,,,,,,,,,,,23-Feb-21,4,40900493,HANDLE WINCH  BWS FABRICATED,"1/2"" M S ROUND BAR",0,9,EA,2.91,,0.36,,23.40,,26.31,,,,,,,,,
,,,,,,,,,,,,,,,,,,18-Feb-21,4,40900494,"TUBE WINCH BRACKET 8""",3 X 2 X 1/4   HSS TUBE,0,7,EA,35.21,,0.84,,54.60,,89.81,,,,,,,,,
,,,,,,,,,,,,,,,,,,20-May-20,4,40900496,"TUBE WINCH BRACKET   18""",3 X 2 X 1/4  HSS TUBE,0,1,EA,11.26,,0.16,,10.40,,21.66,,,,,,,,,
,,,,,,,,,,,,,,,,,,03-Mar-21,4,40900503-1,GROMMET SMALL ONE HOLE,10 GA. PLATE,0,8,EA,0.92,,,,0.00,,0.92,,,,,,,,,
,,,,,,,,,,,,,,,,,,26-Feb-21,4,40900533,BRACKET RIDE HEIGHT, ,0,1,EA,0.11,,0.03,,1.95,,2.06,,,,,,,,,
,,,,,,,,,,,,,,,,,,16-Jul-20,4,40900678,BRACKET D S MUDFLAP, ,0,1,EA,0.96,,0.04,,2.60,,3.56,,,,,,,,,
,,,,,,,,,,,,,,,,,,04-Mar-21,4,40933026,"BUNK HEAVY DUTY 102"" FABRICATE",POCKETS NOT INCLUDED,0,2,EA,353.33,,4.32,,280.80,,634.13,,,,,,,,,
,,,,,,,,,,,,,,,,,,25-Feb-21,4,40933064,BOX D S LOGGER TAILIGHT, ,0,1,EA,26.74,,0.57,,37.05,,63.79,,,,,,,,,
,,,,,,,,,,,,,,,,,,30-Jun-20,4,40933081,BRACKET CENTER MUDFLAP,MOUNTED AT REAR LOG BUNK,0,1,EA,2.71,,0.13,,8.45,,11.16,,,,,,,,,
,,,,,,,,,,,,,,,,,,25-Sep-20,4,40933339,BOX P S LOGGER TAILIGHT, ,0,1,EA,26.74,,0.58,,37.70,,64.44,,,,,,,,,
,,,,,,,,,,,,,,,,,,21-Dec-20,4,40945277,BRACKET AIR CONTROL BOX, ,0,1,EA,5.69,,0.40,,26.00,,31.69,,,,,,,,,
,,,,,,,,,,,,,,,,,,24-Feb-21,4,40950628,BOX D S MIDWAY TURN LIGHT, ,0,1,EA,45.20,,0.24,,15.60,,60.80,,,,,,,,,
,,,,,,,,,,,,,,,,,,24-Feb-21,4,40950629,BOX P S MIDWAY TURN LIGHT, ,0,1,EA,45.20,,0.24,,15.60,,60.80,,,,,,,,,
,,,,,,,,,,,,,,,,,,17-Feb-21,4,40950637,"FRONT MUDFLAP 7"" HANGER ASSY",EXT BUNK P/S,0,1,EA,17.58,,1.15,,74.75,,92.33,,,,,,,,,
,,,,,,,,,,,,,,,,,,19-Feb-21,4,40950639,"FRONT MUDFLAP 7"" HANGER ASSY",EXTE BUNK D/S,0,1,EA,20.70,,1.15,,74.75,,95.45,,,,,,,,,
,,,,,,,,,,,,,,,,,,14-Jul-20,4,40950647,HANDLE WINCH  BWS SHORT,"1/2"" M S ROUND BAR",0,1,EA,0.24,,0.04,,2.60,,2.84,,,,,,,,,
,,,,,,,,,,,,,,,,,,08-Dec-16,4,40953491,"STEEL KIT FOR 51' LOG TRL 108""",5 TEIR 4 AXLE AIR RIDE  TRI,0,1,EA,851.86,,10.22,,664.30,,"1,516.16",,,,,,,,,
,,,,,,,,,,,,,,,,,,06-Aug-20,4,40953553,"AXLE STOP 2-1/4""", ,0,2,EA,5.94,,0.57,,36.79,,42.73,,,,,,,,,
,,,,,,,,,,,,,,,,,,04-Mar-21,4,40954620,BUMPER REAR PUSH/IMPACT,USED ON 51LF4X5T NB,0,0,EA,0.00,,0.00,,0.00,,0.00,,,,,,,,,
,,,,,,,,,,,,,,,,,,04-Feb-21,4,40956379,SUSPENSION GUSSET,"TUBE HSS 4X3X1/4 X 8""",0,6,EA,33.38,,0.84,,54.60,,87.98,,,,,,,,,
,,,,,,,,,,,,,,,,,,30-Mar-16,4,40961220,COUPLER PLATE ASS'Y WELD IN KP,"5/16 COUPLER PLATE 30"" KP",0,1,EA,314.54,,1.68,,109.20,,423.74,,,,,,,,,
,,,,,,,,,,,,,,,,,,,4,40994655,BOTTOM WRAP, ,0,2,EA,185.15,,1.20,,78.00,,263.15,,,,,,,,,
,,,,,,,,,,,,,,,,,,17-Aug-20,7,40935045,"STAKE BWS 4-1/2X3X112""","EXTE POCKET  ALL 1/4""",0,8,EA,"1,225.19",,12.56,,816.40,,"2,041.59",,,,,,,,,
,,,,,,,,,,,,,,,,,,17-Mar-21,7,40961443,"STAKE BWS 4-1/2X3X106""","EXTE POCKET  ALL 1/4""",0,12,EA,"1,805.99",,18.84,,"1,224.60",,"3,030.59",,,,,,,,,
,,,,,,,,,,,,,,,,,,17-Feb-21,13,40900492,"BRACKET, ALUM. MUD FLAP","1/8"" DECK PLATE 24 X 2""",0,6,EA,8.23,,0.18,,11.70,,19.93,,,,,,,,,
,,,,,,,,,,,,,,,,,,06-Jul-20,13,40933615,BRACKET MUD FLAP,"36"" LONG (4 HOLE)",0,1,EA,2.06,,0.09,,5.85,,7.91,,,,,,,,,
,,,,,,,,,,,,,,,,,,21-Dec-20,13,40934834,BRACKET ALUMINUM MUDFLAP,(2 HOLE),0,1,EA,3.50,,0.20,,13.00,,16.50,,,,,,,,,
,,,,,,,,,,,,,,,,,,05-Feb-21,13,40934838,MUDFLAP FRONT OF CONTROL BOX,CUT FROM 19097,0,1,EA,5.87,,0.05,,3.25,,9.12,,,,,,,,,
,,,,,,,,,,,,,,,,,,20-Oct-20,13,40950644,SKIRT REAR ALUMINUM LOGGER, ,0,1,EA,18.63,,0.96,,62.40,,81.03,,,,,,,,,
,,,,,,,,,,,,,,,,,,,,,,,,,,AccessTotalsMC:,"9,432.90",AccessTotalsLH:,90.66,AccessTotalsLC:,"5,892.64",AccessTotalsTC:,"15,325.54",,,,,,,,
,,,,,,,,,,,,,,,,,,,,,,,,,,AccessTotalsMC1:,"45,306.07",AccessTotalsLH1:,90.66,AccessTotalsLC1:,"5,892.64",AccessTotalsTC1:,"51,198.71",,,,,,,,
,,,,,,,,,,,,,,,,,,,,,,,,,,,,,,,,,,Run Time,Total Cost,,,,,,
,,,,,,,,,,,,,,,,,,,,,,,,,,,,,,,,,,Operation,WorkCentre,WorkCentreDesc,IMachine,Description,Text24,RT,TC
,,,,,,,,,,,,,,,,,,,,,,,,,,,,,,,,,,1,M,MACHINE SHOP,,,1,0.00,0.00
,,,,,,,,,,,,,,,,,,,,,,,,,,,,,,,,,,2,B,BEAM ASSEMBLY,,,1,0.00,0.00
,,,,,,,,,,,,,,,,,,,,,,,,,,,,,,,,,,3,A,AXLE & SUSPENSION,04,Suspension,1,9.00,585.00
,,,,,,,,,,,,,,,,,,,,,,,,,,,,,,,,,,4,T,TRAILER ASSEMBLY,41,Step 1,1,38.00,"2,470.00"
,,,,,,,,,,,,,,,,,,,,,,,,,,,,,,,,,,5,T,TRAILER ASSEMBLY,42,Step 2,1,38.00,"2,470.00"
,,,,,,,,,,,,,,,,,,,,,,,,,,,,,,,,,,6,W,WHEELS,40,Tires,1,2.80,182.00
,,,,,,,,,,,,,,,,,,,,,,,,,,,,,,,,,,7,P,PAINT & BLAST,05,Blast,1,7.50,487.50
,,,,,,,,,,,,,,,,,,,,,,,,,,,,,,,,,,8,P,PAINT & BLAST,06,Paint,1,24.00,"1,560.00"
,,,,,,,,,,,,,,,,,,,,,,,,,,,,,,,,,,9,F,FINISH SHOP,38,Electrical,1,0.00,0.00
,,,,,,,,,,,,,,,,,,,,,,,,,,,,,,,,,,10,F,FINISH SHOP,37,Air Components,1,0.00,0.00
,,,,,,,,,,,,,,,,,,,,,,,,,,,,,,,,,,11,F,FINISH SHOP,39,Decals,1,0.00,0.00
,,,,,,,,,,,,,,,,,,,,,,,,,,,,,,,,,,12,F,FINISH SHOP,47,GNK Assembly,1,0.00,0.00
,,,,,,,,,,,,,,,,,,,,,,,,,,,,,,,,,,13,F,FINISH SHOP,21,Final Assembly,1,45.00,"2,925.00"
,,,,,,,,,,,,,,,,,,,,,,,,,,,,,,,,,,14,L,SHIPPING,11,Preparation,1,0.00,0.00
,,,,,,,,,,,,,,,,,,,,,,,,,,,,,,,,,,,,,,,,164.30,"10,679.50"
