Text0,Text5,Text12,Text10,Text13,Text14,JobDesc,Text68,Text25,Text27,Text29,Text31,Text33,Text35,Text66,Text15,Text17,Text19,Text21,Text23,Text67,StockCode,StockDescription,Uom,WarehouseToUse,QtyRequired,QtyIssued,QtyVariance,ValueRequried,,ValueIssued,,Variance,,Text37,,,,,,,,,,,,
,,,,,,,,,,,,,,,,,,,,3,401433,SHOCK KIT DOUBLE:R/W #6040018,SET,01,3,0,-3,526.32,,0,,-526.32,,-100,,,,,,,,,,,,
,,,,,,,,,,,,,,,,,,,,3,402154-AXN,AXLE TA300P67E775-7042 ABS,EA,01,1,0,-1,1722.27,,0,,-1722.27,,-100,,,,,,,,,,,,
,,,,,,,,,,,,,,,,,,,,3,402155-AXN,AXLE TA300P67E775-7043 N/ABS,EA,01,2,0,-2,3258.71,,0,,-3258.71,,-100,,,,,,,,,,,,
,,,,,,,,,,,,,,,,,,,,3,402284,SENSOR #RM-200512,EA,01,1,0,-1,87.08,,0,,-87.08,,-100,,,,,,,,,,,,
,,,,,,,,,,,,,,,,,,,,3,402316,BLOCK #RM-200516,EA,01,1,0,-1,7.84,,0,,-7.84,,-100,,,,,,,,,,,,
,,,,,,,,,,,,,,,,,,,,3,402316-1,CLIP BLOCK #RM-200517,EA,01,1,0,-1,6.22,,0,,-6.22,,-100,,,,,,,,,,,,
,,,,,,,,,,,,,,,,,,,,3,402760,SUSP R.WELL WEST/LIFT AXLE,EA,01,1,0,-1,4043.13,,0,,-4043.13,,-100,,,,,,,,,,,,
,,,,,,,,,,,,,,,,,,,,3,402858,AXLE SSA703184-09128N511IMT23-,EA,01,1,0,-1,5067,,0,,-5067,,-100,,,,,,,,,,,,
,,,,,,,,,,,,,,,,,,,,3,40685,"SUSP R.WELL 30000# 15"" R/HT",EA,01,3,0,-3,4713.28,,0,,-4713.28,,-100,,,,,,,,,,,,
,,,,,,,,,,,,,,,,,,,,3,40900458,BRACKET 1 HL. SUSPENSION,EA,01,12,0,-12,25.98,,0,,-25.98,,-100,,,,,,,,,,,,
,,,,,,,,,,,,,,,,,,,,4,03020,BOLT HEX 3/8 X 1-1/4 UNC,EA,01,11,0,-11,1.24,,0,,-1.24,,-100,,,,,,,,,,,,
,,,,,,,,,,,,,,,,,,,,4,03132,"BOLT HEX 5/8"" X 1 1/2"" UNC",EA,01,24,0,-24,9.35,,0,,-9.35,,-100,,,,,,,,,,,,
,,,,,,,,,,,,,,,,,,,,4,03241,NUT LOCK NYL 5/8 -11 UNC,EA,01,37,0,-37,8.12,,0,,-8.12,,-100,,,,,,,,,,,,
,,,,,,,,,,,,,,,,,,,,4,03273,WASHER FLAT 1-1/4,EA,01,2,0,-2,1,,0,,-1,,-100,,,,,,,,,,,,
,,,,,,,,,,,,,,,,,,,,4,03564,NUT LOCK NYL 3/8 -16 UNC,EA,01,19,0,-19,0.96,,0,,-0.96,,-100,,,,,,,,,,,,
,,,,,,,,,,,,,,,,,,,,4,03745,NUT LOCK MET 5/8 -18 UNF,EA,01,14,0,-14,3.38,,0,,-3.38,,-100,,,,,,,,,,,,
,,,,,,,,,,,,,,,,,,,,4,03751,BOLT HEX 5/8 X 2-1/2 UNF,EA,01,14,0,-14,12.09,,0,,-12.09,,-100,,,,,,,,,,,,
,,,,,,,,,,,,,,,,,,,,4,04213,CHAIN 1/2 GR70 7-LINKS,EA,01,6,0,-6,49.3,,0,,-49.3,,-100,,,,,,,,,,,,
,,,,,,,,,,,,,,,,,,,,4,04233,CHAIN 1/2 GR70 9-LINKS,EA,01,2,0,-2,19.8,,0,,-19.8,,-100,,,,,,,,,,,,
,,,,,,,,,,,,,,,,,,,,4,04263,"LINK CONNECT  1/2"" TWIN CLEVIS",EA,01,2,0,-2,16.5,,0,,-16.5,,-100,,,,,,,,,,,,
,,,,,,,,,,,,,,,,,,,,4,17066,COUPLING 1/8 STEEL MERCHANT,EA,04,3,0,-3,3.54,,0,,-3.54,,-100,,,,,,,,,,,,
,,,,,,,,,,,,,,,,,,,,4,17075,COUPLING 1/8 HALF COUPLER,EA,04,3,0,-3,3.69,,0,,-3.69,,-100,,,,,,,,,,,,
,,,,,,,,,,,,,,,,,,,,4,17142,FIT 1/8NPT STREET ELBOW,EA,04,3,0,-3,1.81,,0,,-1.81,,-100,,,,,,,,,,,,
,,,,,,,,,,,,,,,,,,,,4,24032,WINCH NARROW c/w WASHERS,EA,01,10,0,-10,205.6,,0,,-205.6,,-100,,,,,,,,,,,,
,,,,,,,,,,,,,,,,,,,,4,401281,"POCKET EXTE (SOCKET)4-1/2""X 3""",EA,01,16,0,-16,1296,,0,,-1296,,-100,,,,,,,,,,,,
,,,,,,,,,,,,,,,,,,,,4,401488,"BUNK EXTE W/STAKE POCKT 104.5""",EA,01,8,0,-8,2640,,0,,-2640,,-100,,,,,,,,,,,,
,,,,,,,,,,,,,,,,,,,,4,401499,"BRACE LAND/GEAR 30""-36"" AMS853",EA,01,2,0,-2,23.4,,0,,-23.4,,-100,,,,,,,,,,,,
,,,,,,,,,,,,,,,,,,,,4,402192,LIFT KIT #2990079 FOR,EA,01,1,0,-1,363.56,,0,,-363.56,,-100,,,,,,,,,,,,
,,,,,,,,,,,,,,,,,,,,4,402221,LIFT KIT #2990101,EA,01,1,0,-1,465.49,,0,,-465.49,,-100,,,,,,,,,,,,
,,,,,,,,,,,,,,,,,,,,4,402253,LANDING GEAR TLG60CCUBV191005,EA,01,1,0,-1,288.56,,0,,-288.56,,-100,,,,,,,,,,,,
,,,,,,,,,,,,,,,,,,,,4,402451,BRACE LAND/GEAR 18-24,EA,01,2,0,-2,14.5,,0,,-14.5,,-100,,,,,,,,,,,,
,,,,,,,,,,,,,,,,,,,,4,403645446,"CHANNEL 4@5.4 X 46""",EA,01,2,0,-2,30.36,,0,,-30.36,,-100,,,,,,,,,,,,
,,,,,,,,,,,,,,,,,,,,4,40900395,KEYHOLE PLATE,EA,01,2,0,-2,2.34,,0,,-2.34,,-100,,,,,,,,,,,,
,,,,,,,,,,,,,,,,,,,,4,40900454,GROMMET 1 HOLE LG. 10GA.-A36,EA,01,22,0,-22,15.32,,0,,-15.32,,-100,,,,,,,,,,,,
,,,,,,,,,,,,,,,,,,,,4,40900455,GROMMET 2 HOLE LG.  10GA.-A36,EA,01,14,0,-14,13.6,,0,,-13.6,,-100,,,,,,,,,,,,
,,,,,,,,,,,,,,,,,,,,4,40900458,BRACKET 1 HL. SUSPENSION,EA,01,12,0,-12,25.98,,0,,-25.98,,-100,,,,,,,,,,,,
,,,,,,,,,,,,,,,,,,,,4,40900476,CAP WINCH BRACKET  10GA,EA,01,8,0,-8,6.17,,0,,-6.17,,-100,,,,,,,,,,,,
,,,,,,,,,,,,,,,,,,,,4,40933018,PLATE 10 GA FRONT TR. ISO PLUG,EA,01,1,0,-1,5.47,,0,,-5.47,,-100,,,,,,,,,,,,
,,,,,,,,,,,,,,,,,,,,4,40933038,PLATE DBL BUNK TOP P/S,EA,01,2,0,-2,19.19,,0,,-19.19,,-100,,,,,,,,,,,,
,,,,,,,,,,,,,,,,,,,,4,40933039,PLATE DBL BUNK BOTTOM,EA,01,4,0,-4,23.27,,0,,-23.27,,-100,,,,,,,,,,,,
,,,,,,,,,,,,,,,,,,,,4,40933040,PLATE DBL BUNK REINFORCEMENT,EA,01,4,0,-4,42.32,,0,,-42.32,,-100,,,,,,,,,,,,
,,,,,,,,,,,,,,,,,,,,4,40933053,BRACKET BUNK SUPPORT STIFFINER,EA,01,16,0,-16,21.07,,0,,-21.07,,-100,,,,,,,,,,,,
,,,,,,,,,,,,,,,,,,,,4,40933344,LF-REAR GUSSET,EA,01,2,0,-2,18.67,,0,,-18.67,,-100,,,,,,,,,,,,
,,,,,,,,,,,,,,,,,,,,4,40933561,PLATE LF GUSSETT,EA,01,2,0,-2,14.97,,0,,-14.97,,-100,,,,,,,,,,,,
,,,,,,,,,,,,,,,,,,,,4,40934796,BRACKET ABS LIGHT,EA,01,1,0,-1,6.53,,0,,-6.53,,-100,,,,,,,,,,,,
,,,,,,,,,,,,,,,,,,,,4,40938152,PLATE CENTER REAR BACKER,EA,01,1,0,-1,52.86,,0,,-52.86,,-100,,,,,,,,,,,,
,,,,,,,,,,,,,,,,,,,,4,40946754,"X-MEMBER 41-1/8"" WITH HOLES",EA,01,13,0,-13,445.31,,0,,-445.31,,-100,,,,,,,,,,,,
,,,,,,,,,,,,,,,,,,,,4,40950458,FRONT SUSPENSION GUSSET,EA,01,2,0,-2,11.56,,0,,-11.56,,-100,,,,,,,,,,,,
,,,,,,,,,,,,,,,,,,,,4,40950614,PLATE DBL BUNK TOP D/S,EA,01,2,0,-2,20.94,,0,,-20.94,,-100,,,,,,,,,,,,
,,,,,,,,,,,,,,,,,,,,4,40950633,KEYHOLE PLATE,EA,01,22,0,-22,23.3,,0,,-23.3,,-100,,,,,,,,,,,,
,,,,,,,,,,,,,,,,,,,,4,40950643,REAR SKIRT BRACKET LF,EA,01,2,0,-2,13.86,,0,,-13.86,,-100,,,,,,,,,,,,
,,,,,,,,,,,,,,,,,,,,4,40950646,"P-STIFFENER LOADER PIPES 9""",EA,01,4,0,-4,20.32,,0,,-20.32,,-100,,,,,,,,,,,,
,,,,,,,,,,,,,,,,,,,,4,40952074,TOW HOOK BUMPER PIN BAR,EA,01,1,0,-1,163.85,,0,,-163.85,,-100,,,,,,,,,,,,
,,,,,,,,,,,,,,,,,,,,4,40952647,PLATE SERRATED EDGE FOR BUNK,EA,01,2,0,-2,38,,0,,-38,,-100,,,,,,,,,,,,
,,,,,,,,,,,,,,,,,,,,4,40953541,PLATE LANDING GEAR PROTECTOR,EA,01,2,0,-2,41.71,,0,,-41.71,,-100,,,,,,,,,,,,
,,,,,,,,,,,,,,,,,,,,4,40953551,FENDER SUPPORT P/S,EA,01,2,0,-2,50.68,,0,,-50.68,,-100,,,,,,,,,,,,
,,,,,,,,,,,,,,,,,,,,4,40953552,FENDER SUPPORT D/S,EA,01,1,0,-1,42.58,,0,,-42.58,,-100,,,,,,,,,,,,
,,,,,,,,,,,,,,,,,,,,4,40953555,FENDER SUPPORT D/S,EA,01,1,0,-1,25.34,,0,,-25.34,,-100,,,,,,,,,,,,
,,,,,,,,,,,,,,,,,,,,4,40953562,PLATE SERRATED EDGE FOR BUNK,EA,01,4,0,-4,51.52,,0,,-51.52,,-100,,,,,,,,,,,,
,,,,,,,,,,,,,,,,,,,,4,40954547,AIR BAG PLATE CUSTOM SSA,EA,01,1,0,-1,19.33,,0,,-19.33,,-100,,,,,,,,,,,,
,,,,,,,,,,,,,,,,,,,,4,40960454,GLAD HAND GUARD PLATE-LD133,EA,01,1,0,-1,47.38,,0,,-47.38,,-100,,,,,,,,,,,,
,,,,,,,,,,,,,,,,,,,,4,40964583,COUPLER BRACKET - PLATE,EA,01,7,0,-7,8.26,,0,,-8.26,,-100,,,,,,,,,,,,
,,,,,,,,,,,,,,,,,,,,4,40989461,"X-MEMBER 33-1/4"" WITH HOLES",EA,01,3,0,-3,81.61,,0,,-81.61,,-100,,,,,,,,,,,,
,,,,,,,,,,,,,,,,,,,,4,40991405,BRACKET AIR COUPLER SINGLE,EA,01,2,0,-2,4.17,,0,,-4.17,,-100,,,,,,,,,,,,
,,,,,,,,,,,,,,,,,,,,4,40994679,B-STIFFENER,EA,01,2,0,-2,0,,0,,0,,,,,,,,,,,,,,
,,,,,,,,,,,,,,,,,,,,4,40994680,B-STIFFENER FOR HSS,EA,01,4,0,-4,0,,0,,0,,,,,,,,,,,,,,
,,,,,,,,,,,,,,,,,,,,6,402440,RIM ALUM22.5 X 12.25 #29378XP,EA,01,2,0,-2,1008.4,,0,,-1008.4,,-100,,,,,,,,,,,,
,,,,,,,,,,,,,,,,,,,,6,40863K,RIM ALUML 8.25X24.5 POLISHED,EA,01,6,0,-6,1363.81,,0,,-1363.81,,-100,,,,,,,,,,,,
,,,,,,,,,,,,,,,,,,,,6,40864K,RIM ALUML 8.25X24.5 MACHINE,EA,01,6,0,-6,1270.07,,0,,-1270.07,,-100,,,,,,,,,,,,
,,,,,,,,,,,,,,,,,,,,6,409374,TIRE 11R24.5-16 S815,EA,01,12,0,-12,3466.44,,0,,-3466.44,,-100,,,,,,,,,,,,
,,,,,,,,,,,,,,,,,,,,6,409375,TIRE 385/65R22.5 S825,EA,01,2,0,-2,867.96,,0,,-867.96,,-100,,,,,,,,,,,,
,,,,,,,,,,,,,,,,,,,,8,17424,REDUCER #MAK 11/06/19,LTR,01,6.5,0,-6.5,46.18,,0,,-46.18,,-100,,,,,,,,,,,,
,,,,,,,,,,,,,,,,,,,,8,17462,"PAINT ""BWS"" LIGHT GREY AUE-370",LTR,01,18,0,-18,451.51,,0,,-451.51,,-100,,,,,,,,,,,,
,,,,,,,,,,,,,,,,,,,,8,17464,PAINT BLACK #AUE-370 DRUM,LTR,01,50,0,-50,914.82,,0,,-914.82,,-100,,,,,,,,,,,,
,,,,,,,,,,,,,,,,,,,,8,17470,PAINT BLACK #AUE-100 JET BLACK,LTR,01,1,0,-1,15.43,,0,,-15.43,,-100,,,,,,,,,,,,
,,,,,,,,,,,,,,,,,,,,8,17547,PRIMER EWP435 GREY,LTR,01,46,0,-46,992.99,,0,,-992.99,,-100,,,,,,,,,,,,
,,,,,,,,,,,,,,,,,,,,9,06151,WIRE 2 COND 14GA,FT,04,35,0,-35,8.75,,0,,-8.75,,-100,,,,,,,,,,,,
,,,,,,,,,,,,,,,,,,,,9,06466,"GROMMET RB-265 1 1/2"" IDX2 1/8",EA,04,40,0,-40,25.2,,0,,-25.2,,-100,,,,,,,,,,,,
,,,,,,,,,,,,,,,,,,,,9,06838,LIGHT KIT U/BLUE BWS-L-LED-ON,EA,01,1,0,-1,895,,0,,-895,,-100,,,,,,,,,,,,
,,,,,,,,,,,,,,,,,,,,9,401361,RECEPTACLE 7 PIN ISO #680-E72,EA,04,1,0,-1,12.6,,0,,-12.6,,-100,,,,,,,,,,,,
,,,,,,,,,,,,,,,,,,,,9,40213,RECEPTACLE 7 WAY 670-72,EA,04,1,0,-1,8.6,,0,,-8.6,,-100,,,,,,,,,,,,
,,,,,,,,,,,,,,,,,,,,9,40474,BOOT FOR 7 WAY SOCKET (#670-72,EA,04,2,0,-2,2.66,,0,,-2.66,,-100,,,,,,,,,,,,
,,,,,,,,,,,,,,,,,,,,10,03080,BOLT HEX 3/8 X 1-1/2 UNC,EA,01,12,0,-12,1.54,,0,,-1.54,,-100,,,,,,,,,,,,
,,,,,,,,,,,,,,,,,,,,10,03564,NUT LOCK NYL 3/8 -16 UNC,EA,01,20,0,-20,1.01,,0,,-1.01,,-100,,,,,,,,,,,,
,,,,,,,,,,,,,,,,,,,,10,03735,NUT LOCK NYL 1/4 -20 UNC,EA,01,9,0,-9,0.23,,0,,-0.23,,-100,,,,,,,,,,,,
,,,,,,,,,,,,,,,,,,,,10,06808,HEAT SHRINK & SOLDER SPLICE CO,EA,04,1,0,-1,0.6,,0,,-0.6,,-100,,,,,,,,,,,,
,,,,,,,,,,,,,,,,,,,,10,06834,"HARNESS # 66123  10' 9""",EA,04,1,0,-1,6.62,,0,,-6.62,,-100,,,,,,,,,,,,
,,,,,,,,,,,,,,,,,,,,10,07060,FIT TEE 3/8AIRx3/8AIRx3/8AIR,EA,04,12,0,-12,41.04,,0,,-41.04,,-100,,,,,,,,,,,,
,,,,,,,,,,,,,,,,,,,,10,07063,FIT STR 3/8AIRx1/4MNPT,EA,04,6,0,-6,10.92,,0,,-10.92,,-100,,,,,,,,,,,,
,,,,,,,,,,,,,,,,,,,,10,07065,FIT 90 3/8AIRx1/4MNPT,EA,04,7,0,-7,15.54,,0,,-15.54,,-100,,,,,,,,,,,,
,,,,,,,,,,,,,,,,,,,,10,07066,FIT 90 1/2AIRx3/8MNPT,EA,04,3,0,-3,10.53,,0,,-10.53,,-100,,,,,,,,,,,,
,,,,,,,,,,,,,,,,,,,,10,07069,FIT 90 3/8AIRx1/8MNPT,EA,04,2,0,-2,4.47,,0,,-4.47,,-100,,,,,,,,,,,,
,,,,,,,,,,,,,,,,,,,,10,07082,NIPPLE 1/8 CLOSE   112-A,EA,04,2,0,-2,0.54,,0,,-0.54,,-100,,,,,,,,,,,,
,,,,,,,,,,,,,,,,,,,,10,07100,FIT TEE 3/8AIRx3/8AIRx3/8MNPT,EA,04,1,0,-1,3.8,,0,,-3.8,,-100,,,,,,,,,,,,
,,,,,,,,,,,,,,,,,,,,10,07109,FITTING 1/2 TUBE X 3/8 NPT STR,EA,04,14,0,-14,40.22,,0,,-40.22,,-100,,,,,,,,,,,,
,,,,,,,,,,,,,,,,,,,,10,07128,FIT 90 1/2AIRx1/4MNPT,EA,04,1,0,-1,3.31,,0,,-3.31,,-100,,,,,,,,,,,,
,,,,,,,,,,,,,,,,,,,,10,07243,FIT 90 3/8AIRx3/8MNPT,EA,04,3,0,-3,8.21,,0,,-8.21,,-100,,,,,,,,,,,,
,,,,,,,,,,,,,,,,,,,,10,07244,FIT STR 3/8AIRx3/8MNPT,EA,04,6,0,-6,11.49,,0,,-11.49,,-100,,,,,,,,,,,,
,,,,,,,,,,,,,,,,,,,,10,07253,FITTING 1/4 SHUT OFF PV608-4,EA,04,1,0,-1,7.55,,0,,-7.55,,-100,,,,,,,,,,,,
,,,,,,,,,,,,,,,,,,,,10,07254,FIT TEE 3/8AIRx1/4MNPTx3/8AIR,EA,04,8,0,-8,28.94,,0,,-28.94,,-100,,,,,,,,,,,,
,,,,,,,,,,,,,,,,,,,,10,08290,GAUGE PG-100SG25 LIQUID FILL,EA,04,1,0,-1,13.39,,0,,-13.39,,-100,,,,,,,,,,,,
,,,,,,,,,,,,,,,,,,,,10,09682,FIT STR 3/4MNPTx1/2MNPT,EA,04,2,0,-2,2.96,,0,,-2.96,,-100,,,,,,,,,,,,
,,,,,,,,,,,,,,,,,,,,10,17077,BUSHING REDUCING - 3/8 x 1/4,EA,04,8,0,-8,5.76,,0,,-5.76,,-100,,,,,,,,,,,,
,,,,,,,,,,,,,,,,,,,,10,17090,PLUG 1/4 PIPE S1009-B,EA,04,2,0,-2,0.28,,0,,-0.28,,-100,,,,,,,,,,,,
,,,,,,,,,,,,,,,,,,,,10,17091,PLUG 3/8 PIPE S1009-C,EA,04,5,0,-5,1.1,,0,,-1.1,,-100,,,,,,,,,,,,
,,,,,,,,,,,,,,,,,,,,10,17105,NIPPLE 1/4 CLOSE,EA,04,2,0,-2,0.97,,0,,-0.97,,-100,,,,,,,,,,,,
,,,,,,,,,,,,,,,,,,,,10,17211,BUSHING REDUCING - 3/4 x 1/4,EA,04,2,0,-2,3,,0,,-3,,-100,,,,,,,,,,,,
,,,,,,,,,,,,,,,,,,,,10,401052,TANK AIR 1280/2002D  BIG 2PORT,EA,04,3,0,-3,185.76,,0,,-185.76,,-100,,,,,,,,,,,,
,,,,,,,,,,,,,,,,,,,,10,401230,HOSE AIR 3/8 RUBBER HAB-6-32C,EA,04,4,0,-4,20.52,,0,,-20.52,,-100,,,,,,,,,,,,
,,,,,,,,,,,,,,,,,,,,10,401457,REGULATOR 85 PSI # 90554676,EA,04,1,0,-1,31.71,,0,,-31.71,,-100,,,,,,,,,,,,
,,,,,,,,,,,,,,,,,,,,10,401530,ISOLATOR RUBBER/AIRTANK,EA,04,6,0,-6,4.67,,0,,-4.67,,-100,,,,,,,,,,,,
,,,,,,,,,,,,,,,,,,,,10,401824,ABS KIT 2S/1M,EA,04,1,0,-1,274.69,,0,,-274.69,,-100,,,,,,,,,,,,
,,,,,,,,,,,,,,,,,,,,10,401886,CABLE #201198BC USED ON,EA,04,3,0,-3,23.19,,0,,-23.19,,-100,,,,,,,,,,,,
,,,,,,,,,,,,,,,,,,,,10,40192,GLAD HAND SERVICE GHS-SC,EA,04,1,0,-1,2.17,,0,,-2.17,,-100,,,,,,,,,,,,
,,,,,,,,,,,,,,,,,,,,10,40193,GLAD HAND EMERGENCY GHE-SC,EA,04,1,0,-1,2.17,,0,,-2.17,,-100,,,,,,,,,,,,
,,,,,,,,,,,,,,,,,,,,10,40195,BOLT GLAD HAND TERM 1497-DBS,EA,04,2,0,-2,8.76,,0,,-8.76,,-100,,,,,,,,,,,,
,,,,,,,,,,,,,,,,,,,,10,40198,FITTING 1/4 NPT BRASS PETCOCK,EA,04,3,0,-3,17.46,,0,,-17.46,,-100,,,,,,,,,,,,
,,,,,,,,,,,,,,,,,,,,10,40203,VALVE QUICK RELEASE #TV229859,EA,04,2,0,-2,24.63,,0,,-24.63,,-100,,,,,,,,,,,,
,,,,,,,,,,,,,,,,,,,,10,402051,BRAKE MAXI 3030 1713030016,EA,04,6,0,-6,461.46,,0,,-461.46,,-100,,,,,,,,,,,,
,,,,,,,,,,,,,,,,,,,,10,402195,MODUAL RM-60-NK REV/MATIC,EA,04,1,0,-1,287.38,,0,,-287.38,,-100,,,,,,,,,,,,
,,,,,,,,,,,,,,,,,,,,10,402195-1,HARNESS #RM-200508,EA,04,1,0,-1,35.01,,0,,-35.01,,-100,,,,,,,,,,,,
,,,,,,,,,,,,,,,,,,,,10,402195-2,HARNESS #RM-60-7 BULLET,EA,04,1,0,-1,63.79,,0,,-63.79,,-100,,,,,,,,,,,,
,,,,,,,,,,,,,,,,,,,,10,402431,VALVE KIT HEIGHT CONTROL,EA,04,1,0,-1,130.84,,0,,-130.84,,-100,,,,,,,,,,,,
,,,,,,,,,,,,,,,,,,,,10,402677,BOLT GLAD HAND TERM 1495-C,EA,04,16,0,-16,56.32,,0,,-56.32,,-100,,,,,,,,,,,,
,,,,,,,,,,,,,,,,,,,,10,40358,940-5 HOSE SPACER,EA,04,6,0,-6,3.36,,0,,-3.36,,-100,,,,,,,,,,,,
,,,,,,,,,,,,,,,,,,,,10,40482,BOLT TERMINAL #1495B-A,EA,04,1,0,-1,2.89,,0,,-2.89,,-100,,,,,,,,,,,,
,,,,,,,,,,,,,,,,,,,,10,40511,HOSE AIR 3/8 RUBBER HAB-6-24C,EA,04,12,0,-12,56.18,,0,,-56.18,,-100,,,,,,,,,,,,
,,,,,,,,,,,,,,,,,,,,10,40657,CONTROL BOX RA013-DUAL-1G,EA,01,1,0,-1,556.25,,0,,-556.25,,-100,,,,,,,,,,,,
,,,,,,,,,,,,,,,,,,,,10,40839,VALVE PRES. PROTECTION,EA,04,2,0,-2,28.23,,0,,-28.23,,-100,,,,,,,,,,,,
,,,,,,,,,,,,,,,,,,,,10,40853,VALVE RELAY 2 PORT N30108BD,EA,04,2,0,-2,59.53,,0,,-59.53,,-100,,,,,,,,,,,,
,,,,,,,,,,,,,,,,,,,,10,40950039,BRACKET RIDE HEIGHT,EA,04,2,0,-2,12.58,,0,,-12.58,,-100,,,,,,,,,,,,
,,,,,,,,,,,,,,,,,,,,11,06037,REFLECTOR AMBER #B491A,EA,04,2,0,-2,1.34,,0,,-1.34,,-100,,,,,,,,,,,,
,,,,,,,,,,,,,,,,,,,,11,06038,REFLECTOR RED B491R,EA,04,2,0,-2,1.34,,0,,-1.34,,-100,,,,,,,,,,,,
,,,,,,,,,,,,,,,,,,,,11,100121,DECAL DO NOT DRILL,EA,04,2,0,-2,3.8,,0,,-3.8,,-100,,,,,,,,,,,,
,,,,,,,,,,,,,,,,,,,,11,100166,"DECAL WARNING ""BWS LIABILITY""",EA,04,1,0,-1,1.88,,0,,-1.88,,-100,,,,,,,,,,,,
,,,,,,,,,,,,,,,,,,,,11,100202,DECAL BWS 5-1/2 X 19,SET,04,1,0,-1,15.9,,0,,-15.9,,-100,,,,,,,,,,,,
,,,,,,,,,,,,,,,,,,,,11,100400,DECAL WARNING AIR SUSPENSION,EA,04,1,0,-1,1.9,,0,,-1.9,,-100,,,,,,,,,,,,
,,,,,,,,,,,,,,,,,,,,11,100530,"DECAL WARNING ""FULLY CHARGED",EA,04,1,0,-1,2,,0,,-2,,-100,,,,,,,,,,,,
,,,,,,,,,,,,,,,,,,,,11,100601,"DECAL WARNING ""METHYL HYDRATE""",EA,04,1,0,-1,3.1,,0,,-3.1,,-100,,,,,,,,,,,,
,,,,,,,,,,,,,,,,,,,,11,100651,"DECAL WARNING ""AXLE RESTRAINT""",EA,04,1,0,-1,1.37,,0,,-1.37,,-100,,,,,,,,,,,,
,,,,,,,,,,,,,,,,,,,,11,100746,DECAL CONNECTOR PIN LABEL,EA,04,1,0,-1,0.85,,0,,-0.85,,-100,,,,,,,,,,,,
,,,,,,,,,,,,,,,,,,,,11,101160,"DECAL ""NEW BWS""",EA,04,1,0,-1,4.73,,0,,-4.73,,-100,,,,,,,,,,,,
,,,,,,,,,,,,,,,,,,,,11,101385,DECAL TORQUE AXLE,EA,04,2,0,-2,3.9,,0,,-3.9,,-100,,,,,,,,,,,,
,,,,,,,,,,,,,,,,,,,,11,101405,DECAL ABS,EA,04,1,0,-1,0.3,,0,,-0.3,,-100,,,,,,,,,,,,
,,,,,,,,,,,,,,,,,,,,11,101416,DECAL CAUTION ADJUST LIFT,EA,04,1,0,-1,0.7,,0,,-0.7,,-100,,,,,,,,,,,,
,,,,,,,,,,,,,,,,,,,,11,40854,SERIAL TAG CARD STOCK,EA,01,1,0,-1,1.36,,0,,-1.36,,-100,,,,,,,,,,,,
,,,,,,,,,,,,,,,,,,,,13,02561,"BUSHING SNAP IN SB750-625 5/8""",EA,04,50,0,-50,4.7,,0,,-4.7,,-100,,,,,,,,,,,,
,,,,,,,,,,,,,,,,,,,,13,03022,BOLT HEX SS 1/4 X 1 UNC,EA,01,20,0,-20,2.21,,0,,-2.21,,-100,,,,,,,,,,,,
,,,,,,,,,,,,,,,,,,,,13,03066,BOLT HEX 5/16 X 1 UNC,EA,01,4,0,-4,0.27,,0,,-0.27,,-100,,,,,,,,,,,,
,,,,,,,,,,,,,,,,,,,,13,03241,NUT LOCK NYL 5/8 -11 UNC,EA,01,2,0,-2,0.44,,0,,-0.44,,-100,,,,,,,,,,,,
,,,,,,,,,,,,,,,,,,,,13,03256,WASHER LOCK 5/16,EA,01,4,0,-4,0.05,,0,,-0.05,,-100,,,,,,,,,,,,
,,,,,,,,,,,,,,,,,,,,13,03266,WASHER FLAT 3/8,EA,01,40,0,-40,0.92,,0,,-0.92,,-100,,,,,,,,,,,,
,,,,,,,,,,,,,,,,,,,,13,03711,NUT LOCK NYL 5/16 -18 UNC,EA,01,32,0,-32,1.03,,0,,-1.03,,-100,,,,,,,,,,,,
,,,,,,,,,,,,,,,,,,,,13,03748,WASHER FENDER PL 3/8 X 1-1/2,EA,01,4,0,-4,0.23,,0,,-0.23,,-100,,,,,,,,,,,,
,,,,,,,,,,,,,,,,,,,,13,03789,WASHER FENDER SS 5/16 X 1-1/2,EA,01,3,0,-3,0.4,,0,,-0.4,,-100,,,,,,,,,,,,
,,,,,,,,,,,,,,,,,,,,13,03909,BOLT HEX SS 5/16 X 1-1/4 UNC,EA,01,27,0,-27,5.79,,0,,-5.79,,-100,,,,,,,,,,,,
,,,,,,,,,,,,,,,,,,,,13,04169,"CABLE TIE 15-1/4"" 83-6029C",EA,04,14,0,-14,1.19,,0,,-1.19,,-100,,,,,,,,,,,,
,,,,,,,,,,,,,,,,,,,,13,04203,"CABLE 1/4"" X 30' #49828-10-30",EA,04,10,0,-10,110.49,,0,,-110.49,,-100,,,,,,,,,,,,
,,,,,,,,,,,,,,,,,,,,13,06137,GROMMET TAIL LAMP 40700,EA,04,4,0,-4,4.32,,0,,-4.32,,-100,,,,,,,,,,,,
,,,,,,,,,,,,,,,,,,,,13,06155,WIRE 2 COND 10GA,FT,04,40,0,-40,23.63,,0,,-23.63,,-100,,,,,,,,,,,,
,,,,,,,,,,,,,,,,,,,,13,06659,HARNESS #66813,EA,04,14,0,-14,56,,0,,-56,,-100,,,,,,,,,,,,
,,,,,,,,,,,,,,,,,,,,13,06682,HARNESS #01-6681-J7 - 4',EA,04,7,0,-7,56.7,,0,,-56.7,,-100,,,,,,,,,,,,
,,,,,,,,,,,,,,,,,,,,13,06898,LIGHT STOP/TURN/BACKUP,EA,04,12,0,-12,360,,0,,-360,,-100,,,,,,,,,,,,
,,,,,,,,,,,,,,,,,,,,13,06899,HARNESS TAIL LIGHT,EA,04,8,0,-8,78,,0,,-78,,-100,,,,,,,,,,,,
,,,,,,,,,,,,,,,,,,,,13,06971,LIGHT GREEN #60824,EA,04,1,0,-1,5,,0,,-5,,-100,,,,,,,,,,,,
,,,,,,,,,,,,,,,,,,,,13,08055,FITTING GREASE STR. 1/8,EA,04,3,0,-3,0.84,,0,,-0.84,,-100,,,,,,,,,,,,
,,,,,,,,,,,,,,,,,,,,13,100915,SPRAY BOM EMPTY CANS,EA,04,4,0,-4,16.52,,0,,-16.52,,-100,,,,,,,,,,,,
,,,,,,,,,,,,,,,,,,,,13,13013,"LOOM 1/4"" SPLIT 83-8003-3",FT,04,17,0,-17,1.56,,0,,-1.56,,-100,,,,,,,,,,,,
,,,,,,,,,,,,,,,,,,,,13,13014,"LOOM 1-1/2"" SPLIT 83-8005-3",FT,04,10,0,-10,3.66,,0,,-3.66,,-100,,,,,,,,,,,,
,,,,,,,,,,,,,,,,,,,,13,17106,NIPPLE 1/4 X 2,EA,04,2,0,-2,1.05,,0,,-1.05,,-100,,,,,,,,,,,,
,,,,,,,,,,,,,,,,,,,,13,19097,"FLAP MUD 36"" x 24"" PLAIN",EA,04,1,0,-1,17.61,,0,,-17.61,,-100,,,,,,,,,,,,
,,,,,,,,,,,,,,,,,,,,13,19125,"FLAP MUD 24"" X 30"" (BWS)",EA,04,6,0,-6,112.56,,0,,-112.56,,-100,,,,,,,,,,,,
,,,,,,,,,,,,,,,,,,,,13,23034,UNDERCOATING  AEROSOL,EA,04,2,0,-2,14.5,,0,,-14.5,,-100,,,,,,,,,,,,
,,,,,,,,,,,,,,,,,,,,13,401092,SEPARATOR 10 STUD HUBPILOT#590,EA,04,14,0,-14,43.06,,0,,-43.06,,-100,,,,,,,,,,,,
,,,,,,,,,,,,,,,,,,,,13,401703,HOLDER PERMIT #01175,EA,04,1,0,-1,9.84,,0,,-9.84,,-100,,,,,,,,,,,,
,,,,,,,,,,,,,,,,,,,,13,402194,VALVE PROPORTIONING SELF,EA,04,1,0,-1,214.22,,0,,-214.22,,-100,,,,,,,,,,,,
,,,,,,,,,,,,,,,,,,,,13,40933576,SIDE STAINLESS TRIM FOR,EA,04,2,0,-2,38.68,,0,,-38.68,,-100,,,,,,,,,,,,
,,,,,,,,,,,,,,,,,,,,13,40938157,CENTER STAINLESS TRIM FOR,EA,01,1,0,-1,89.01,,0,,-89.01,,-100,,,,,,,,,,,,
,,,,,,,,,,,,,,,,,,,,,,,,,,,,AccessTotalsValueRequried:,"41,536.50",AccessTotalsValueIssued:,0.00,AccessTotalsVariance:,"-41,536.50",,,,,,,,,,,,,
,,,,,,,,,,,,,,,,,,,,2,40994661,BEAM ASSY.8751LF4X5TNB TRI,SET,01,1,0,-1,6136.14,,0,,-6136.14,,-100,,,,,,,,,,,,
,,,,,,,,,,,,,,,,,,,,3,40945864,PLATE FLAT SUSPENSION,EA,01,6,0,-6,24.28,,0,,-24.28,,-100,,,,,,,,,,,,
,,,,,,,,,,,,,,,,,,,,4,40900403,BRACKET WINCH,EA,01,10,0,-10,23.15,,0,,-23.15,,-100,,,,,,,,,,,,
,,,,,,,,,,,,,,,,,,,,4,40900405,POCKET WINCH CHAIN,EA,01,10,0,-10,50.61,,0,,-50.61,,-100,,,,,,,,,,,,
,,,,,,,,,,,,,,,,,,,,4,40900467,BRACKET LANDING GEAR (SMALL),EA,01,2,0,-2,6.28,,0,,-6.28,,-100,,,,,,,,,,,,
,,,,,,,,,,,,,,,,,,,,4,40900470,BRACKET LANDING GEAR (LARGE),EA,01,1,0,-1,4.33,,0,,-4.33,,-100,,,,,,,,,,,,
,,,,,,,,,,,,,,,,,,,,4,40900473,"BRACKET 7-1/8 "" AIR TANK",EA,01,6,0,-6,18.92,,0,,-18.92,,-100,,,,,,,,,,,,
,,,,,,,,,,,,,,,,,,,,4,40900480,RIDE HEIGHT BRACKET,EA,01,1,0,-1,3.36,,0,,-3.36,,-100,,,,,,,,,,,,
,,,,,,,,,,,,,,,,,,,,4,40900483,BRACKET P S MUDFLAP,EA,01,1,0,-1,3.46,,0,,-3.46,,-100,,,,,,,,,,,,
,,,,,,,,,,,,,,,,,,,,4,40900489,BRACKET MUDFLAP,EA,01,2,0,-2,16.42,,0,,-16.42,,-100,,,,,,,,,,,,
,,,,,,,,,,,,,,,,,,,,4,40900489A,BRACKET MUDFLAP LH,EA,01,1,0,-1,8.21,,0,,-8.21,,-100,,,,,,,,,,,,
,,,,,,,,,,,,,,,,,,,,4,40900489B,BRACKET MUDFLAP RH,EA,01,1,0,-1,5.61,,0,,-5.61,,-100,,,,,,,,,,,,
,,,,,,,,,,,,,,,,,,,,4,40900493,HANDLE WINCH  BWS FABRICATED,EA,01,9,0,-9,26.31,,0,,-26.31,,-100,,,,,,,,,,,,
,,,,,,,,,,,,,,,,,,,,4,40900494,"TUBE WINCH BRACKET 8""",EA,01,7,0,-7,81.32,,0,,-81.32,,-100,,,,,,,,,,,,
,,,,,,,,,,,,,,,,,,,,4,40900496,"TUBE WINCH BRACKET   18""",EA,01,1,0,-1,18.95,,0,,-18.95,,-100,,,,,,,,,,,,
,,,,,,,,,,,,,,,,,,,,4,40900503-1,GROMMET SMALL ONE HOLE,EA,01,8,0,-8,4.99,,0,,-4.99,,-100,,,,,,,,,,,,
,,,,,,,,,,,,,,,,,,,,4,40900533,BRACKET RIDE HEIGHT,EA,01,1,0,-1,2.06,,0,,-2.06,,-100,,,,,,,,,,,,
,,,,,,,,,,,,,,,,,,,,4,40900678,BRACKET D S MUDFLAP,EA,01,1,0,-1,3.46,,0,,-3.46,,-100,,,,,,,,,,,,
,,,,,,,,,,,,,,,,,,,,4,40933026-108,"BUNK HEAVY DUTY 108"" FABRICATE",EA,01,1,0,-1,335.04,,0,,-335.04,,-100,,,,,,,,,,,,
,,,,,,,,,,,,,,,,,,,,4,40933064,BOX D S LOGGER TAILIGHT,EA,01,1,0,-1,63.79,,0,,-63.79,,-100,,,,,,,,,,,,
,,,,,,,,,,,,,,,,,,,,4,40933081,BRACKET CENTER MUDFLAP,EA,01,1,0,-1,11.06,,0,,-11.06,,-100,,,,,,,,,,,,
,,,,,,,,,,,,,,,,,,,,4,40933333,COUPLER PLATE ASSY BOLT-IN,EA,01,1,0,-1,703.73,,0,,-703.73,,-100,,,,,,,,,,,,
,,,,,,,,,,,,,,,,,,,,4,40933339,BOX P S LOGGER TAILIGHT,EA,01,1,0,-1,64.44,,0,,-64.44,,-100,,,,,,,,,,,,
,,,,,,,,,,,,,,,,,,,,4,40945277,BRACKET AIR CONTROL BOX,EA,01,1,0,-1,31.47,,0,,-31.47,,-100,,,,,,,,,,,,
,,,,,,,,,,,,,,,,,,,,4,40950628,BOX D S MIDWAY TURN LIGHT,EA,01,1,0,-1,62.65,,0,,-62.65,,-100,,,,,,,,,,,,
,,,,,,,,,,,,,,,,,,,,4,40950629,BOX P S MIDWAY TURN LIGHT,EA,01,1,0,-1,62.65,,0,,-62.65,,-100,,,,,,,,,,,,
,,,,,,,,,,,,,,,,,,,,4,40950637,"FRONT MUDFLAP 7"" HANGER ASSY",EA,01,1,0,-1,91.26,,0,,-91.26,,-100,,,,,,,,,,,,
,,,,,,,,,,,,,,,,,,,,4,40950639,"FRONT MUDFLAP 7"" HANGER ASSY",EA,01,1,0,-1,94.38,,0,,-94.38,,-100,,,,,,,,,,,,
,,,,,,,,,,,,,,,,,,,,4,40950647,HANDLE WINCH  BWS SHORT,EA,01,1,0,-1,2.84,,0,,-2.84,,-100,,,,,,,,,,,,
,,,,,,,,,,,,,,,,,,,,4,40953512,COVER PLATE 100KSI,EA,01,1,0,-1,216.56,,0,,-216.56,,-100,,,,,,,,,,,,
,,,,,,,,,,,,,,,,,,,,4,40953513,COVER PLATE 100KSI,EA,01,1,0,-1,216.56,,0,,-216.56,,-100,,,,,,,,,,,,
,,,,,,,,,,,,,,,,,,,,4,40953514,COVER PLATE 100 KSI,EA,01,1,0,-1,216.56,,0,,-216.56,,-100,,,,,,,,,,,,
,,,,,,,,,,,,,,,,,,,,4,40953515,COVER PLATE 100KSI,EA,01,1,0,-1,216.56,,0,,-216.56,,-100,,,,,,,,,,,,
,,,,,,,,,,,,,,,,,,,,4,40953516,COVER PLATE 100 KSI,EA,01,1,0,-1,216.56,,0,,-216.56,,-100,,,,,,,,,,,,
,,,,,,,,,,,,,,,,,,,,4,40953545,"BUNK HEAVY DUTY 108"" FABRICATE",EA,01,1,0,-1,392.62,,0,,-392.62,,-100,,,,,,,,,,,,
,,,,,,,,,,,,,,,,,,,,4,40953553,"AXLE STOP 2-1/4""",EA,01,2,0,-2,41.88,,0,,-41.88,,-100,,,,,,,,,,,,
,,,,,,,,,,,,,,,,,,,,4,40954620,BUMPER REAR PUSH/IMPACT,EA,01,1,0,-1,468.21,,0,,-468.21,,-100,,,,,,,,,,,,
,,,,,,,,,,,,,,,,,,,,4,40956379,SUSPENSION GUSSET,EA,01,6,0,-6,87.98,,0,,-87.98,,-100,,,,,,,,,,,,
,,,,,,,,,,,,,,,,,,,,4,40959206,"HOSE ASSY 44-1/4"" GREASE",EA,01,3,0,-3,49.23,,0,,-49.23,,-100,,,,,,,,,,,,
,,,,,,,,,,,,,,,,,,,,4,40994654,"STEEL KIT FOR 51' LOG TRL 108""",EA,01,1,0,-1,1399.89,,0,,-1399.89,,-100,,,,,,,,,,,,
,,,,,,,,,,,,,,,,,,,,4,40994655,BOTTOM WRAP,EA,01,2,0,-2,263.15,,0,,-263.15,,-100,,,,,,,,,,,,
,,,,,,,,,,,,,,,,,,,,7,40935045,"STAKE BWS 4-1/2X3X112""",EA,01,8,0,-8,2040.62,,0,,-2040.62,,-100,,,,,,,,,,,,
,,,,,,,,,,,,,,,,,,,,7,40961443,"STAKE BWS 4-1/2X3X106""",EA,01,12,0,-12,3029.13,,0,,-3029.13,,-100,,,,,,,,,,,,
,,,,,,,,,,,,,,,,,,,,13,40900492,"BRACKET, ALUM. MUD FLAP",EA,04,8,0,-8,26.46,,0,,-26.46,,-100,,,,,,,,,,,,
,,,,,,,,,,,,,,,,,,,,13,40933615,BRACKET MUD FLAP,EA,04,1,0,-1,7.88,,0,,-7.88,,-100,,,,,,,,,,,,
,,,,,,,,,,,,,,,,,,,,13,40934834,BRACKET ALUMINUM MUDFLAP,EA,04,1,0,-1,16.45,,0,,-16.45,,-100,,,,,,,,,,,,
,,,,,,,,,,,,,,,,,,,,13,40934838,MUDFLAP FRONT OF CONTROL BOX,EA,04,1,0,-1,9.12,,0,,-9.12,,-100,,,,,,,,,,,,
,,,,,,,,,,,,,,,,,,,,,,,,,,,,AccessTotalsValueRequried:,"16,876.59",AccessTotalsValueIssued:,0.00,AccessTotalsVariance:,"-16,876.59",,,,,,,,,,,,,
,,,,,,,,,,,,,,,,,,,,,,,,,,,,AccessTotalsValueRequried1:,"58,413.09",AccessTotalsValueIssued1:,0.00,AccessTotalsVariance1:,"-58,413.09",,,,,,,,,,,,,
,,,,,,,,,,,,,,,,,,,,,,,,,,,,,,,,,,,"$ Var
%",,,,,,,,,,,
,,,,,,,,,,,,,,,,,,,,,,,,,,,,,,,,,,,Operation,WorkCentre,WorkCentreDesc,IMachine,Description,RunTimeRequired,RunTimeIssued,RunTimeVariance,ValueRequired,ValueIssued,ValueVariance,Text37
,,,,,,,,,,,,,,,,,,,,,,,,,,,,,,,,,,,1,M,MACHINE SHOP, ,,0,0,0,0,0,0,
,,,,,,,,,,,,,,,,,,,,,,,,,,,,,,,,,,,2,B,BEAM ASSEMBLY, ,,0,0,0,0,0,0,
,,,,,,,,,,,,,,,,,,,,,,,,,,,,,,,,,,,3,A,AXLE & SUSPENSION,04,Suspension,11.5,0,-11.5,747.5,0,-747.5,-100
,,,,,,,,,,,,,,,,,,,,,,,,,,,,,,,,,,,4,T,TRAILER ASSEMBLY,41,Step 1,38,0,-38,2470,0,-2470,-100
,,,,,,,,,,,,,,,,,,,,,,,,,,,,,,,,,,,5,T,TRAILER ASSEMBLY,42,Step 2,45.5,0,-45.5,2957.5,0,-2957.5,-100
,,,,,,,,,,,,,,,,,,,,,,,,,,,,,,,,,,,6,W,WHEELS,40,Tires,2.8,0,-2.8,182,0,-182,-100
,,,,,,,,,,,,,,,,,,,,,,,,,,,,,,,,,,,7,P,PAINT & BLAST,05,Blast,7.5,0,-7.5,487.5,0,-487.5,-100
,,,,,,,,,,,,,,,,,,,,,,,,,,,,,,,,,,,8,P,PAINT & BLAST,06,Paint,24,0,-24,1560,0,-1560,-100
,,,,,,,,,,,,,,,,,,,,,,,,,,,,,,,,,,,9,F,FINISH SHOP,38,Electrical,0,0,0,0,0,0,
,,,,,,,,,,,,,,,,,,,,,,,,,,,,,,,,,,,10,F,FINISH SHOP,37,Air Components,0,0,0,0,0,0,
,,,,,,,,,,,,,,,,,,,,,,,,,,,,,,,,,,,11,F,FINISH SHOP,39,Decals,0,0,0,0,0,0,
,,,,,,,,,,,,,,,,,,,,,,,,,,,,,,,,,,,12,F,FINISH SHOP,47,GNK Assembly,0,0,0,0,0,0,
,,,,,,,,,,,,,,,,,,,,,,,,,,,,,,,,,,,13,F,FINISH SHOP,21,Final Assembly,55,0,-55,3575,0,-3575,-100
,,,,,,,,,,,,,,,,,,,,,,,,,,,,,,,,,,,14,L,SHIPPING,11,Preparation,0,0,0,0,0,0,
,,,,,,,,,,,,,,,,,,,,,,,,,,,,,,,,,,,,,,,,184.30,0.00,-184.30,"11,979.50",0.00,"-11,979.50",
